3D InterOp IGES (v. 2025 1.0.0), Spatial Corp. Copyright (c) 1999-2020. S      1
1H,,1H;,1H ,9H10774.igs,13HSpatial Corp.,20H3D InterOp ACIS/IGES,32,38, G      1
 6,308,15,1H ,1.000,2,2HMM,1,1.000,15H20250613.144253,1.0e-06,0.00,10HTrG      2
aceParts,15HTraceParts S.A.,11,0,15H20250613.144253;                    G      3
     128       1       0       0       0       0       0       000010001D      1
     128       0       0      24       0       0       0               0D      2
     126      25       0       0       0       0       0       000010001D      3
     126       0       0       2       0       0       0               0D      4
     502      27       0       0       0       0       0       000010001D      5
     502       0       0      59       1       0       0               0D      6
     126      86       0       0       0       0       0       000010001D      7
     126       0       0      10       0       0       0               0D      8
     126      96       0       0       0       0       0       000010001D      9
     126       0       0       9       0       0       0               0D     10
     126     105       0       0       0       0       0       000010001D     11
     126       0       0       8       0       0       0               0D     12
     126     113       0       0       0       0       0       000010001D     13
     126       0       0       4       0       0       0               0D     14
     126     117       0       0       0       0       0       000010001D     15
     126       0       0       4       0       0       0               0D     16
     126     121       0       0       0       0       0       000010001D     17
     126       0       0      23       0       0       0               0D     18
     126     144       0       0       0       0       0       000010001D     19
     126       0       0       2       0       0       0               0D     20
     126     146       0       0       0       0       0       000010001D     21
     126       0       0       4       0       0       0               0D     22
     126     150       0       0       0       0       0       000010001D     23
     126       0       0       6       0       0       0               0D     24
     126     156       0       0       0       0       0       000010001D     25
     126       0       0       4       0       0       0               0D     26
     126     160       0       0       0       0       0       000010001D     27
     126       0       0      14       0       0       0               0D     28
     126     174       0       0       0       0       0       000010001D     29
     126       0       0      23       0       0       0               0D     30
     126     197       0       0       0       0       0       000010001D     31
     126       0       0       2       0       0       0               0D     32
     126     199       0       0       0       0       0       000010001D     33
     126       0       0       4       0       0       0               0D     34
     126     203       0       0       0       0       0       000010001D     35
     126       0       0      14       0       0       0               0D     36
     126     217       0       0       0       0       0       000010001D     37
     126       0       0       5       0       0       0               0D     38
     126     222       0       0       0       0       0       000010001D     39
     126       0       0       7       0       0       0               0D     40
     126     229       0       0       0       0       0       000010001D     41
     126       0       0       2       0       0       0               0D     42
     126     231       0       0       0       0       0       000010001D     43
     126       0       0       6       0       0       0               0D     44
     126     237       0       0       0       0       0       000010001D     45
     126       0       0       4       0       0       0               0D     46
     126     241       0       0       0       0       0       000010001D     47
     126       0       0       2       0       0       0               0D     48
     126     243       0       0       0       0       0       000010001D     49
     126       0       0       6       0       0       0               0D     50
     126     249       0       0       0       0       0       000010001D     51
     126       0       0       5       0       0       0               0D     52
     126     254       0       0       0       0       0       000010001D     53
     126       0       0       5       0       0       0               0D     54
     126     259       0       0       0       0       0       000010001D     55
     126       0       0       2       0       0       0               0D     56
     126     261       0       0       0       0       0       000010001D     57
     126       0       0       7       0       0       0               0D     58
     126     268       0       0       0       0       0       000010001D     59
     126       0       0      10       0       0       0               0D     60
     126     278       0       0       0       0       0       000010001D     61
     126       0       0       2       0       0       0               0D     62
     126     280       0       0       0       0       0       000010001D     63
     126       0       0       8       0       0       0               0D     64
     126     288       0       0       0       0       0       000010001D     65
     126       0       0       2       0       0       0               0D     66
     126     290       0       0       0       0       0       000010001D     67
     126       0       0       5       0       0       0               0D     68
     126     295       0       0       0       0       0       000010001D     69
     126       0       0       8       0       0       0               0D     70
     126     303       0       0       0       0       0       000010001D     71
     126       0       0       4       0       0       0               0D     72
     126     307       0       0       0       0       0       000010001D     73
     126       0       0       8       0       0       0               0D     74
     126     315       0       0       0       0       0       000010001D     75
     126       0       0       4       0       0       0               0D     76
     126     319       0       0       0       0       0       000010001D     77
     126       0       0      10       0       0       0               0D     78
     126     329       0       0       0       0       0       000010001D     79
     126       0       0       5       0       0       0               0D     80
     126     334       0       0       0       0       0       000010001D     81
     126       0       0       5       0       0       0               0D     82
     126     339       0       0       0       0       0       000010001D     83
     126       0       0       8       0       0       0               0D     84
     126     347       0       0       0       0       0       000010001D     85
     126       0       0       5       0       0       0               0D     86
     126     352       0       0       0       0       0       000010001D     87
     126       0       0       2       0       0       0               0D     88
     126     354       0       0       0       0       0       000010001D     89
     126       0       0       8       0       0       0               0D     90
     126     362       0       0       0       0       0       000010001D     91
     126       0       0       5       0       0       0               0D     92
     126     367       0       0       0       0       0       000010001D     93
     126       0       0       8       0       0       0               0D     94
     126     375       0       0       0       0       0       000010001D     95
     126       0       0       4       0       0       0               0D     96
     126     379       0       0       0       0       0       000010001D     97
     126       0       0       6       0       0       0               0D     98
     126     385       0       0       0       0       0       000010001D     99
     126       0       0       8       0       0       0               0D    100
     126     393       0       0       0       0       0       000010001D    101
     126       0       0       2       0       0       0               0D    102
     126     395       0       0       0       0       0       000010001D    103
     126       0       0       5       0       0       0               0D    104
     126     400       0       0       0       0       0       000010001D    105
     126       0       0       2       0       0       0               0D    106
     126     402       0       0       0       0       0       000010001D    107
     126       0       0       2       0       0       0               0D    108
     126     404       0       0       0       0       0       000010001D    109
     126       0       0       2       0       0       0               0D    110
     126     406       0       0       0       0       0       000010001D    111
     126       0       0       5       0       0       0               0D    112
     126     411       0       0       0       0       0       000010001D    113
     126       0       0       6       0       0       0               0D    114
     126     417       0       0       0       0       0       000010001D    115
     126       0       0       8       0       0       0               0D    116
     126     425       0       0       0       0       0       000010001D    117
     126       0       0      10       0       0       0               0D    118
     126     435       0       0       0       0       0       000010001D    119
     126       0       0       5       0       0       0               0D    120
     126     440       0       0       0       0       0       000010001D    121
     126       0       0       8       0       0       0               0D    122
     126     448       0       0       0       0       0       000010001D    123
     126       0       0       6       0       0       0               0D    124
     126     454       0       0       0       0       0       000010001D    125
     126       0       0       2       0       0       0               0D    126
     126     456       0       0       0       0       0       000010001D    127
     126       0       0       2       0       0       0               0D    128
     126     458       0       0       0       0       0       000010001D    129
     126       0       0       2       0       0       0               0D    130
     126     460       0       0       0       0       0       000010001D    131
     126       0       0       2       0       0       0               0D    132
     126     462       0       0       0       0       0       000010001D    133
     126       0       0      14       0       0       0               0D    134
     126     476       0       0       0       0       0       000010001D    135
     126       0       0       2       0       0       0               0D    136
     126     478       0       0       0       0       0       000010001D    137
     126       0       0       2       0       0       0               0D    138
     126     480       0       0       0       0       0       000010001D    139
     126       0       0       5       0       0       0               0D    140
     126     485       0       0       0       0       0       000010001D    141
     126       0       0       2       0       0       0               0D    142
     126     487       0       0       0       0       0       000010001D    143
     126       0       0       2       0       0       0               0D    144
     126     489       0       0       0       0       0       000010001D    145
     126       0       0       2       0       0       0               0D    146
     126     491       0       0       0       0       0       000010001D    147
     126       0       0       6       0       0       0               0D    148
     126     497       0       0       0       0       0       000010001D    149
     126       0       0       2       0       0       0               0D    150
     126     499       0       0       0       0       0       000010001D    151
     126       0       0       2       0       0       0               0D    152
     126     501       0       0       0       0       0       000010001D    153
     126       0       0       2       0       0       0               0D    154
     126     503       0       0       0       0       0       000010001D    155
     126       0       0      14       0       0       0               0D    156
     126     517       0       0       0       0       0       000010001D    157
     126       0       0       8       0       0       0               0D    158
     126     525       0       0       0       0       0       000010001D    159
     126       0       0       5       0       0       0               0D    160
     126     530       0       0       0       0       0       000010001D    161
     126       0       0       6       0       0       0               0D    162
     126     536       0       0       0       0       0       000010001D    163
     126       0       0       6       0       0       0               0D    164
     126     542       0       0       0       0       0       000010001D    165
     126       0       0       2       0       0       0               0D    166
     126     544       0       0       0       0       0       000010001D    167
     126       0       0       2       0       0       0               0D    168
     126     546       0       0       0       0       0       000010001D    169
     126       0       0       2       0       0       0               0D    170
     126     548       0       0       0       0       0       000010001D    171
     126       0       0      14       0       0       0               0D    172
     126     562       0       0       0       0       0       000010001D    173
     126       0       0      14       0       0       0               0D    174
     126     576       0       0       0       0       0       000010001D    175
     126       0       0       2       0       0       0               0D    176
     126     578       0       0       0       0       0       000010001D    177
     126       0       0       2       0       0       0               0D    178
     126     580       0       0       0       0       0       000010001D    179
     126       0       0       2       0       0       0               0D    180
     126     582       0       0       0       0       0       000010001D    181
     126       0       0       2       0       0       0               0D    182
     126     584       0       0       0       0       0       000010001D    183
     126       0       0       3       0       0       0               0D    184
     126     587       0       0       0       0       0       000010001D    185
     126       0       0       2       0       0       0               0D    186
     126     589       0       0       0       0       0       000010001D    187
     126       0       0       2       0       0       0               0D    188
     126     591       0       0       0       0       0       000010001D    189
     126       0       0       2       0       0       0               0D    190
     126     593       0       0       0       0       0       000010001D    191
     126       0       0       2       0       0       0               0D    192
     126     595       0       0       0       0       0       000010001D    193
     126       0       0      14       0       0       0               0D    194
     126     609       0       0       0       0       0       000010001D    195
     126       0       0       6       0       0       0               0D    196
     126     615       0       0       0       0       0       000010001D    197
     126       0       0      14       0       0       0               0D    198
     126     629       0       0       0       0       0       000010001D    199
     126       0       0       2       0       0       0               0D    200
     126     631       0       0       0       0       0       000010001D    201
     126       0       0       2       0       0       0               0D    202
     126     633       0       0       0       0       0       000010001D    203
     126       0       0       5       0       0       0               0D    204
     126     638       0       0       0       0       0       000010001D    205
     126       0       0       2       0       0       0               0D    206
     126     640       0       0       0       0       0       000010001D    207
     126       0       0       2       0       0       0               0D    208
     126     642       0       0       0       0       0       000010001D    209
     126       0       0       6       0       0       0               0D    210
     126     648       0       0       0       0       0       000010001D    211
     126       0       0       2       0       0       0               0D    212
     126     650       0       0       0       0       0       000010001D    213
     126       0       0       8       0       0       0               0D    214
     126     658       0       0       0       0       0       000010001D    215
     126       0       0       8       0       0       0               0D    216
     126     666       0       0       0       0       0       000010001D    217
     126       0       0       3       0       0       0               0D    218
     126     669       0       0       0       0       0       000010001D    219
     126       0       0       6       0       0       0               0D    220
     126     675       0       0       0       0       0       000010001D    221
     126       0       0       2       0       0       0               0D    222
     126     677       0       0       0       0       0       000010001D    223
     126       0       0       2       0       0       0               0D    224
     126     679       0       0       0       0       0       000010001D    225
     126       0       0       8       0       0       0               0D    226
     126     687       0       0       0       0       0       000010001D    227
     126       0       0       3       0       0       0               0D    228
     126     690       0       0       0       0       0       000010001D    229
     126       0       0       8       0       0       0               0D    230
     126     698       0       0       0       0       0       000010001D    231
     126       0       0       8       0       0       0               0D    232
     126     706       0       0       0       0       0       000010001D    233
     126       0       0       8       0       0       0               0D    234
     126     714       0       0       0       0       0       000010001D    235
     126       0       0      10       0       0       0               0D    236
     126     724       0       0       0       0       0       000010001D    237
     126       0       0      10       0       0       0               0D    238
     126     734       0       0       0       0       0       000010001D    239
     126       0       0       7       0       0       0               0D    240
     126     741       0       0       0       0       0       000010001D    241
     126       0       0       5       0       0       0               0D    242
     126     746       0       0       0       0       0       000010001D    243
     126       0       0       3       0       0       0               0D    244
     126     749       0       0       0       0       0       000010001D    245
     126       0       0       5       0       0       0               0D    246
     126     754       0       0       0       0       0       000010001D    247
     126       0       0       3       0       0       0               0D    248
     126     757       0       0       0       0       0       000010001D    249
     126       0       0       5       0       0       0               0D    250
     126     762       0       0       0       0       0       000010001D    251
     126       0       0       5       0       0       0               0D    252
     126     767       0       0       0       0       0       000010001D    253
     126       0       0       5       0       0       0               0D    254
     126     772       0       0       0       0       0       000010001D    255
     126       0       0       6       0       0       0               0D    256
     126     778       0       0       0       0       0       000010001D    257
     126       0       0       3       0       0       0               0D    258
     126     781       0       0       0       0       0       000010001D    259
     126       0       0       5       0       0       0               0D    260
     126     786       0       0       0       0       0       000010001D    261
     126       0       0       3       0       0       0               0D    262
     126     789       0       0       0       0       0       000010001D    263
     126       0       0      10       0       0       0               0D    264
     126     799       0       0       0       0       0       000010001D    265
     126       0       0       3       0       0       0               0D    266
     126     802       0       0       0       0       0       000010001D    267
     126       0       0       2       0       0       0               0D    268
     126     804       0       0       0       0       0       000010001D    269
     126       0       0      27       0       0       0               0D    270
     126     831       0       0       0       0       0       000010001D    271
     126       0       0       2       0       0       0               0D    272
     126     833       0       0       0       0       0       000010001D    273
     126       0       0       2       0       0       0               0D    274
     126     835       0       0       0       0       0       000010001D    275
     126       0       0       2       0       0       0               0D    276
     126     837       0       0       0       0       0       000010001D    277
     126       0       0      29       0       0       0               0D    278
     126     866       0       0       0       0       0       000010001D    279
     126       0       0      24       0       0       0               0D    280
     126     890       0       0       0       0       0       000010001D    281
     126       0       0       2       0       0       0               0D    282
     126     892       0       0       0       0       0       000010001D    283
     126       0       0       2       0       0       0               0D    284
     126     894       0       0       0       0       0       000010001D    285
     126       0       0       2       0       0       0               0D    286
     126     896       0       0       0       0       0       000010001D    287
     126       0       0       2       0       0       0               0D    288
     126     898       0       0       0       0       0       000010001D    289
     126       0       0      27       0       0       0               0D    290
     126     925       0       0       0       0       0       000010001D    291
     126       0       0       2       0       0       0               0D    292
     126     927       0       0       0       0       0       000010001D    293
     126       0       0       2       0       0       0               0D    294
     126     929       0       0       0       0       0       000010001D    295
     126       0       0       2       0       0       0               0D    296
     126     931       0       0       0       0       0       000010001D    297
     126       0       0      29       0       0       0               0D    298
     126     960       0       0       0       0       0       000010001D    299
     126       0       0      23       0       0       0               0D    300
     126     983       0       0       0       0       0       000010001D    301
     126       0       0       2       0       0       0               0D    302
     126     985       0       0       0       0       0       000010001D    303
     126       0       0       2       0       0       0               0D    304
     504     987       0       0       0       0       0       000010001D    305
     504       0       0      33       1       0       0               0D    306
     508    1020       0       0       0       0       0       000010001D    307
     508       0       0       1       1       0       0               0D    308
     510    1021       0       0       0       0       0       000010001D    309
     510       0       0       1       1       0       0               0D    310
     128    1022       0       0       0       0       0       000010001D    311
     128       0       0      24       0       0       0               0D    312
     508    1046       0       0       0       0       0       000010001D    313
     508       0       0       1       1       0       0               0D    314
     510    1047       0       0       0       0       0       000010001D    315
     510       0       0       1       1       0       0               0D    316
     128    1048       0       0       0       0       0       000010001D    317
     128       0       0      58       0       0       0               0D    318
     508    1106       0       0       0       0       0       000010001D    319
     508       0       0       2       1       0       0               0D    320
     510    1108       0       0       0       0       0       000010001D    321
     510       0       0       1       1       0       0               0D    322
     128    1109       0       0       0       0       0       000010001D    323
     128       0       0      24       0       0       0               0D    324
     508    1133       0       0       0       0       0       000010001D    325
     508       0       0       2       1       0       0               0D    326
     510    1135       0       0       0       0       0       000010001D    327
     510       0       0       1       1       0       0               0D    328
     128    1136       0       0       0       0       0       000010001D    329
     128       0       0      23       0       0       0               0D    330
     508    1159       0       0       0       0       0       000010001D    331
     508       0       0       1       1       0       0               0D    332
     510    1160       0       0       0       0       0       000010001D    333
     510       0       0       1       1       0       0               0D    334
     128    1161       0       0       0       0       0       000010001D    335
     128       0       0      27       0       0       0               0D    336
     508    1188       0       0       0       0       0       000010001D    337
     508       0       0       1       1       0       0               0D    338
     510    1189       0       0       0       0       0       000010001D    339
     510       0       0       1       1       0       0               0D    340
     128    1190       0       0       0       0       0       000010001D    341
     128       0       0      21       0       0       0               0D    342
     508    1211       0       0       0       0       0       000010001D    343
     508       0       0       1       1       0       0               0D    344
     510    1212       0       0       0       0       0       000010001D    345
     510       0       0       1       1       0       0               0D    346
     128    1213       0       0       0       0       0       000010001D    347
     128       0       0      24       0       0       0               0D    348
     508    1237       0       0       0       0       0       000010001D    349
     508       0       0       1       1       0       0               0D    350
     510    1238       0       0       0       0       0       000010001D    351
     510       0       0       1       1       0       0               0D    352
     128    1239       0       0       0       0       0       000010001D    353
     128       0       0       5       0       0       0               0D    354
     508    1244       0       0       0       0       0       000010001D    355
     508       0       0       1       1       0       0               0D    356
     510    1245       0       0       0       0       0       000010001D    357
     510       0       0       1       1       0       0               0D    358
     128    1246       0       0       0       0       0       000010001D    359
     128       0       0      24       0       0       0               0D    360
     508    1270       0       0       0       0       0       000010001D    361
     508       0       0       1       1       0       0               0D    362
     510    1271       0       0       0       0       0       000010001D    363
     510       0       0       1       1       0       0               0D    364
     128    1272       0       0       0       0       0       000010001D    365
     128       0       0       6       0       0       0               0D    366
     508    1278       0       0       0       0       0       000010001D    367
     508       0       0       6       1       0       0               0D    368
     508    1284       0       0       0       0       0       000010001D    369
     508       0       0       1       1       0       0               0D    370
     510    1285       0       0       0       0       0       000010001D    371
     510       0       0       1       1       0       0               0D    372
     128    1286       0       0       0       0       0       000010001D    373
     128       0       0      27       0       0       0               0D    374
     508    1313       0       0       0       0       0       000010001D    375
     508       0       0       1       1       0       0               0D    376
     510    1314       0       0       0       0       0       000010001D    377
     510       0       0       1       1       0       0               0D    378
     128    1315       0       0       0       0       0       000010001D    379
     128       0       0       6       0       0       0               0D    380
     508    1321       0       0       0       0       0       000010001D    381
     508       0       0       6       1       0       0               0D    382
     508    1327       0       0       0       0       0       000010001D    383
     508       0       0       1       1       0       0               0D    384
     508    1328       0       0       0       0       0       000010001D    385
     508       0       0       2       1       0       0               0D    386
     508    1330       0       0       0       0       0       000010001D    387
     508       0       0       1       1       0       0               0D    388
     510    1331       0       0       0       0       0       000010001D    389
     510       0       0       1       1       0       0               0D    390
     128    1332       0       0       0       0       0       000010001D    391
     128       0       0      21       0       0       0               0D    392
     508    1353       0       0       0       0       0       000010001D    393
     508       0       0       1       1       0       0               0D    394
     510    1354       0       0       0       0       0       000010001D    395
     510       0       0       1       1       0       0               0D    396
     128    1355       0       0       0       0       0       000010001D    397
     128       0       0       5       0       0       0               0D    398
     508    1360       0       0       0       0       0       000010001D    399
     508       0       0       1       1       0       0               0D    400
     508    1361       0       0       0       0       0       000010001D    401
     508       0       0       1       1       0       0               0D    402
     510    1362       0       0       0       0       0       000010001D    403
     510       0       0       1       1       0       0               0D    404
     128    1363       0       0       0       0       0       000010001D    405
     128       0       0      27       0       0       0               0D    406
     508    1390       0       0       0       0       0       000010001D    407
     508       0       0       1       1       0       0               0D    408
     510    1391       0       0       0       0       0       000010001D    409
     510       0       0       1       1       0       0               0D    410
     128    1392       0       0       0       0       0       000010001D    411
     128       0       0       3       0       0       0               0D    412
     508    1395       0       0       0       0       0       000010001D    413
     508       0       0       1       1       0       0               0D    414
     508    1396       0       0       0       0       0       000010001D    415
     508       0       0       1       1       0       0               0D    416
     510    1397       0       0       0       0       0       000010001D    417
     510       0       0       1       1       0       0               0D    418
     128    1398       0       0       0       0       0       000010001D    419
     128       0       0      23       0       0       0               0D    420
     508    1421       0       0       0       0       0       000010001D    421
     508       0       0       1       1       0       0               0D    422
     510    1422       0       0       0       0       0       000010001D    423
     510       0       0       1       1       0       0               0D    424
     128    1423       0       0       0       0       0       000010001D    425
     128       0       0       4       0       0       0               0D    426
     508    1427       0       0       0       0       0       000010001D    427
     508       0       0       1       1       0       0               0D    428
     510    1428       0       0       0       0       0       000010001D    429
     510       0       0       1       1       0       0               0D    430
     128    1429       0       0       0       0       0       000010001D    431
     128       0       0      24       0       0       0               0D    432
     508    1453       0       0       0       0       0       000010001D    433
     508       0       0       2       1       0       0               0D    434
     510    1455       0       0       0       0       0       000010001D    435
     510       0       0       1       1       0       0               0D    436
     128    1456       0       0       0       0       0       000010001D    437
     128       0       0      58       0       0       0               0D    438
     508    1514       0       0       0       0       0       000010001D    439
     508       0       0       2       1       0       0               0D    440
     510    1516       0       0       0       0       0       000010001D    441
     510       0       0       1       1       0       0               0D    442
     128    1517       0       0       0       0       0       000010001D    443
     128       0       0       5       0       0       0               0D    444
     508    1522       0       0       0       0       0       000010001D    445
     508       0       0       1       1       0       0               0D    446
     510    1523       0       0       0       0       0       000010001D    447
     510       0       0       1       1       0       0               0D    448
     128    1524       0       0       0       0       0       000010001D    449
     128       0       0       5       0       0       0               0D    450
     508    1529       0       0       0       0       0       000010001D    451
     508       0       0       1       1       0       0               0D    452
     510    1530       0       0       0       0       0       000010001D    453
     510       0       0       1       1       0       0               0D    454
     128    1531       0       0       0       0       0       000010001D    455
     128       0       0      27       0       0       0               0D    456
     508    1558       0       0       0       0       0       000010001D    457
     508       0       0       1       1       0       0               0D    458
     510    1559       0       0       0       0       0       000010001D    459
     510       0       0       1       1       0       0               0D    460
     128    1560       0       0       0       0       0       000010001D    461
     128       0       0      55       0       0       0               0D    462
     508    1615       0       0       0       0       0       000010001D    463
     508       0       0       1       1       0       0               0D    464
     510    1616       0       0       0       0       0       000010001D    465
     510       0       0       1       1       0       0               0D    466
     128    1617       0       0       0       0       0       000010001D    467
     128       0       0      27       0       0       0               0D    468
     508    1644       0       0       0       0       0       000010001D    469
     508       0       0       1       1       0       0               0D    470
     510    1645       0       0       0       0       0       000010001D    471
     510       0       0       1       1       0       0               0D    472
     128    1646       0       0       0       0       0       000010001D    473
     128       0       0       7       0       0       0               0D    474
     508    1653       0       0       0       0       0       000010001D    475
     508       0       0       1       1       0       0               0D    476
     510    1654       0       0       0       0       0       000010001D    477
     510       0       0       1       1       0       0               0D    478
     128    1655       0       0       0       0       0       000010001D    479
     128       0       0      27       0       0       0               0D    480
     508    1682       0       0       0       0       0       000010001D    481
     508       0       0       1       1       0       0               0D    482
     510    1683       0       0       0       0       0       000010001D    483
     510       0       0       1       1       0       0               0D    484
     128    1684       0       0       0       0       0       000010001D    485
     128       0       0      59       0       0       0               0D    486
     508    1743       0       0       0       0       0       000010001D    487
     508       0       0       1       1       0       0               0D    488
     510    1744       0       0       0       0       0       000010001D    489
     510       0       0       1       1       0       0               0D    490
     128    1745       0       0       0       0       0       000010001D    491
     128       0       0      27       0       0       0               0D    492
     508    1772       0       0       0       0       0       000010001D    493
     508       0       0       1       1       0       0               0D    494
     510    1773       0       0       0       0       0       000010001D    495
     510       0       0       1       1       0       0               0D    496
     128    1774       0       0       0       0       0       000010001D    497
     128       0       0       7       0       0       0               0D    498
     508    1781       0       0       0       0       0       000010001D    499
     508       0       0       1       1       0       0               0D    500
     510    1782       0       0       0       0       0       000010001D    501
     510       0       0       1       1       0       0               0D    502
     128    1783       0       0       0       0       0       000010001D    503
     128       0       0      27       0       0       0               0D    504
     508    1810       0       0       0       0       0       000010001D    505
     508       0       0       1       1       0       0               0D    506
     510    1811       0       0       0       0       0       000010001D    507
     510       0       0       1       1       0       0               0D    508
     128    1812       0       0       0       0       0       000010001D    509
     128       0       0      55       0       0       0               0D    510
     508    1867       0       0       0       0       0       000010001D    511
     508       0       0       1       1       0       0               0D    512
     510    1868       0       0       0       0       0       000010001D    513
     510       0       0       1       1       0       0               0D    514
     128    1869       0       0       0       0       0       000010001D    515
     128       0       0      27       0       0       0               0D    516
     508    1896       0       0       0       0       0       000010001D    517
     508       0       0       1       1       0       0               0D    518
     510    1897       0       0       0       0       0       000010001D    519
     510       0       0       1       1       0       0               0D    520
     128    1898       0       0       0       0       0       000010001D    521
     128       0       0       7       0       0       0               0D    522
     508    1905       0       0       0       0       0       000010001D    523
     508       0       0       1       1       0       0               0D    524
     510    1906       0       0       0       0       0       000010001D    525
     510       0       0       1       1       0       0               0D    526
     128    1907       0       0       0       0       0       000010001D    527
     128       0       0      27       0       0       0               0D    528
     508    1934       0       0       0       0       0       000010001D    529
     508       0       0       1       1       0       0               0D    530
     510    1935       0       0       0       0       0       000010001D    531
     510       0       0       1       1       0       0               0D    532
     128    1936       0       0       0       0       0       000010001D    533
     128       0       0      56       0       0       0               0D    534
     508    1992       0       0       0       0       0       000010001D    535
     508       0       0       1       1       0       0               0D    536
     510    1993       0       0       0       0       0       000010001D    537
     510       0       0       1       1       0       0               0D    538
     128    1994       0       0       0       0       0       000010001D    539
     128       0       0      27       0       0       0               0D    540
     508    2021       0       0       0       0       0       000010001D    541
     508       0       0       1       1       0       0               0D    542
     510    2022       0       0       0       0       0       000010001D    543
     510       0       0       1       1       0       0               0D    544
     128    2023       0       0       0       0       0       000010001D    545
     128       0       0       7       0       0       0               0D    546
     508    2030       0       0       0       0       0       000010001D    547
     508       0       0       1       1       0       0               0D    548
     510    2031       0       0       0       0       0       000010001D    549
     510       0       0       1       1       0       0               0D    550
     128    2032       0       0       0       0       0       000010001D    551
     128       0       0       6       0       0       0               0D    552
     508    2038       0       0       0       0       0       000010001D    553
     508       0       0       1       1       0       0               0D    554
     510    2039       0       0       0       0       0       000010001D    555
     510       0       0       1       1       0       0               0D    556
     128    2040       0       0       0       0       0       000010001D    557
     128       0       0       6       0       0       0               0D    558
     508    2046       0       0       0       0       0       000010001D    559
     508       0       0       1       1       0       0               0D    560
     510    2047       0       0       0       0       0       000010001D    561
     510       0       0       1       1       0       0               0D    562
     128    2048       0       0       0       0       0       000010001D    563
     128       0       0       3       0       0       0               0D    564
     508    2051       0       0       0       0       0       000010001D    565
     508       0       0       1       1       0       0               0D    566
     510    2052       0       0       0       0       0       000010001D    567
     510       0       0       1       1       0       0               0D    568
     128    2053       0       0       0       0       0       000010001D    569
     128       0       0       3       0       0       0               0D    570
     508    2056       0       0       0       0       0       000010001D    571
     508       0       0       1       1       0       0               0D    572
     510    2057       0       0       0       0       0       000010001D    573
     510       0       0       1       1       0       0               0D    574
     128    2058       0       0       0       0       0       000010001D    575
     128       0       0       3       0       0       0               0D    576
     508    2061       0       0       0       0       0       000010001D    577
     508       0       0       1       1       0       0               0D    578
     510    2062       0       0       0       0       0       000010001D    579
     510       0       0       1       1       0       0               0D    580
     128    2063       0       0       0       0       0       000010001D    581
     128       0       0      45       0       0       0               0D    582
     508    2108       0       0       0       0       0       000010001D    583
     508       0       0       1       1       0       0               0D    584
     510    2109       0       0       0       0       0       000010001D    585
     510       0       0       1       1       0       0               0D    586
     128    2110       0       0       0       0       0       000010001D    587
     128       0       0      24       0       0       0               0D    588
     508    2134       0       0       0       0       0       000010001D    589
     508       0       0       1       1       0       0               0D    590
     510    2135       0       0       0       0       0       000010001D    591
     510       0       0       1       1       0       0               0D    592
     128    2136       0       0       0       0       0       000010001D    593
     128       0       0      39       0       0       0               0D    594
     508    2175       0       0       0       0       0       000010001D    595
     508       0       0       1       1       0       0               0D    596
     510    2176       0       0       0       0       0       000010001D    597
     510       0       0       1       1       0       0               0D    598
     128    2177       0       0       0       0       0       000010001D    599
     128       0       0       6       0       0       0               0D    600
     508    2183       0       0       0       0       0       000010001D    601
     508       0       0       1       1       0       0               0D    602
     510    2184       0       0       0       0       0       000010001D    603
     510       0       0       1       1       0       0               0D    604
     128    2185       0       0       0       0       0       000010001D    605
     128       0       0       6       0       0       0               0D    606
     508    2191       0       0       0       0       0       000010001D    607
     508       0       0       1       1       0       0               0D    608
     510    2192       0       0       0       0       0       000010001D    609
     510       0       0       1       1       0       0               0D    610
     128    2193       0       0       0       0       0       000010001D    611
     128       0       0      27       0       0       0               0D    612
     508    2220       0       0       0       0       0       000010001D    613
     508       0       0       1       1       0       0               0D    614
     510    2221       0       0       0       0       0       000010001D    615
     510       0       0       1       1       0       0               0D    616
     128    2222       0       0       0       0       0       000010001D    617
     128       0       0       6       0       0       0               0D    618
     508    2228       0       0       0       0       0       000010001D    619
     508       0       0       1       1       0       0               0D    620
     510    2229       0       0       0       0       0       000010001D    621
     510       0       0       1       1       0       0               0D    622
     128    2230       0       0       0       0       0       000010001D    623
     128       0       0       6       0       0       0               0D    624
     508    2236       0       0       0       0       0       000010001D    625
     508       0       0       1       1       0       0               0D    626
     510    2237       0       0       0       0       0       000010001D    627
     510       0       0       1       1       0       0               0D    628
     128    2238       0       0       0       0       0       000010001D    629
     128       0       0       3       0       0       0               0D    630
     508    2241       0       0       0       0       0       000010001D    631
     508       0       0       1       1       0       0               0D    632
     510    2242       0       0       0       0       0       000010001D    633
     510       0       0       1       1       0       0               0D    634
     128    2243       0       0       0       0       0       000010001D    635
     128       0       0       3       0       0       0               0D    636
     508    2246       0       0       0       0       0       000010001D    637
     508       0       0       1       1       0       0               0D    638
     510    2247       0       0       0       0       0       000010001D    639
     510       0       0       1       1       0       0               0D    640
     128    2248       0       0       0       0       0       000010001D    641
     128       0       0       3       0       0       0               0D    642
     508    2251       0       0       0       0       0       000010001D    643
     508       0       0       1       1       0       0               0D    644
     510    2252       0       0       0       0       0       000010001D    645
     510       0       0       1       1       0       0               0D    646
     128    2253       0       0       0       0       0       000010001D    647
     128       0       0      45       0       0       0               0D    648
     508    2298       0       0       0       0       0       000010001D    649
     508       0       0       1       1       0       0               0D    650
     510    2299       0       0       0       0       0       000010001D    651
     510       0       0       1       1       0       0               0D    652
     128    2300       0       0       0       0       0       000010001D    653
     128       0       0      24       0       0       0               0D    654
     508    2324       0       0       0       0       0       000010001D    655
     508       0       0       1       1       0       0               0D    656
     510    2325       0       0       0       0       0       000010001D    657
     510       0       0       1       1       0       0               0D    658
     128    2326       0       0       0       0       0       000010001D    659
     128       0       0      39       0       0       0               0D    660
     508    2365       0       0       0       0       0       000010001D    661
     508       0       0       1       1       0       0               0D    662
     510    2366       0       0       0       0       0       000010001D    663
     510       0       0       1       1       0       0               0D    664
     128    2367       0       0       0       0       0       000010001D    665
     128       0       0       7       0       0       0               0D    666
     508    2374       0       0       0       0       0       000010001D    667
     508       0       0       1       1       0       0               0D    668
     510    2375       0       0       0       0       0       000010001D    669
     510       0       0       1       1       0       0               0D    670
     128    2376       0       0       0       0       0       000010001D    671
     128       0       0       3       0       0       0               0D    672
     508    2379       0       0       0       0       0       000010001D    673
     508       0       0       1       1       0       0               0D    674
     510    2380       0       0       0       0       0       000010001D    675
     510       0       0       1       1       0       0               0D    676
     128    2381       0       0       0       0       0       000010001D    677
     128       0       0       3       0       0       0               0D    678
     508    2384       0       0       0       0       0       000010001D    679
     508       0       0       1       1       0       0               0D    680
     510    2385       0       0       0       0       0       000010001D    681
     510       0       0       1       1       0       0               0D    682
     128    2386       0       0       0       0       0       000010001D    683
     128       0       0       3       0       0       0               0D    684
     508    2389       0       0       0       0       0       000010001D    685
     508       0       0       1       1       0       0               0D    686
     510    2390       0       0       0       0       0       000010001D    687
     510       0       0       1       1       0       0               0D    688
     514    2391       0       0       0       0       0       000010001D    689
     514       0       0       7       1       0       0               0D    690
     186    2398       0       0       0       0       0       000000001D    691
     186       0       8       1       0       0       0  Solid2       0D    692
128,1,8,1,2,0,1,0,0,1,-0.51307925639802,-0.51307925639802,             1P      1
0.04377978265338,0.04377978265338,0.,0.,0.,2.39915424468236,           1P      2
2.39915424468236,4.79830848936472,4.79830848936472,                    1P      3
7.19746273404708,7.19746273404708,9.59661697872944,                    1P      4
9.59661697872944,9.59661697872944,1.,1.,0.70710678118655,              1P      5
0.70710678118655,1.,1.,0.70710678118655,0.70710678118655,1.,1.,        1P      6
0.70710678118655,0.70710678118655,1.,1.,0.70710678118655,              1P      7
0.70710678118655,1.,1.,6.59197135923007,7.7104984044722,               1P      8
5.14999999999971,6.59873843760161,7.73939938374373,6.,                 1P      9
8.05246976370227,7.36852704524213,5.14999999999971,                    1P     10
8.08813782134533,7.39066094614212,6.,7.7104984044722,                  1P     11
5.90802864076993,5.14999999999971,7.73939938374373,                    1P     12
5.90126156239839,6.,7.36852704524213,4.44753023629773,                 1P     13
5.14999999999971,7.39066094614212,4.41186217865467,6.,                 1P     14
5.90802864076993,4.7895015955278,5.14999999999971,                     1P     15
5.90126156239839,4.76060061625627,6.,4.44753023629773,                 1P     16
5.13147295475787,5.14999999999971,4.41186217865467,                    1P     17
5.10933905385788,6.,4.7895015955278,6.59197135923007,                  1P     18
5.14999999999971,4.76060061625627,6.59873843760161,6.,                 1P     19
5.13147295475787,8.05246976370227,5.14999999999971,                    1P     20
5.10933905385788,8.08813782134533,6.,6.59197135923007,                 1P     21
7.7104984044722,5.14999999999971,6.59873843760161,                     1P     22
7.73939938374373,6.,-0.51307925639802,0.04377978265338,0.,             1P     23
9.59661697872944;                                                      1P     24
126,1,1,0,0,1,0,0.,0.,1.,1.,1.,1.,-1.2,6.220317345932,6.,-1.2,         3P     25
5.95,6.,0.,1.;                                                         3P     26
502,96,-5.637888614466,4.031587946308,6.60697989934,                   5P     27
-5.663674910962,4.005801649812,6.,-6.046968571647,                     5P     28
-4.733851174431,6.,-6.220317345932,1.2,6.,-6.25,6.050121834596,        5P     29
5.15,5.90126156239842,4.76060061625637,6.,1.2,-5.95,6.,                5P     30
-6.073624272485,-4.760405557625,5.15,4.535741426034,                   5P     31
6.220317345933,6.,5.90802864076989,4.78950159552764,5.15,              5P     32
-4.760405557609,-6.073624272478,5.149999999999,6.046968571647,         5P     33
4.733851174431,6.,4.170821838861,-4.949747468306,6.8,                  5P     34
6.073624272485,4.760405557625,5.15,-5.95,-1.2,6.,1.2,-5.95,5.15,       5P     35
3.98436582947274,-5.21058897459593,6.,5.7286730977512,                 5P     36
-4.94974746830601,6.8,-5.90126156239738,-4.76060061625661,6.,          5P     37
1.2,5.95,6.,1.2,-6.25,5.15,4.00482825673845,-5.20506012451671,         5P     38
6.60697989934,5.928551263155,-4.94974746830601,6.60697989934,          5P     39
-5.464748121261,5.464748121262,6.8,-5.90802864076888,                  5P     40
-4.78950159552788,5.15,-1.2,-5.95,5.15,5.91512910713941,               5P     41
-4.68890596201603,6.00000000000001,5.89466667987355,                   5P     42
-4.69443481209529,6.60697989934,3.970943673457,-4.949747468306,        5P     43
6.60697989934,-4.535741426034,-6.220317345933,6.,-1.2,6.25,5.15,       5P     44
1.6894178679584,-0.45647263600669,5.,-1.2,5.95,5.15,                   5P     45
1.61025657357406,-0.43508363249095,2.651827230801,1.2,5.95,5.15,       5P     46
-1.6894178679584,0.4564726360067,5.,1.2,6.25,5.15,                     5P     47
-1.61025657357406,0.43508363249095,2.651827230801,                     5P     48
1.78595603184173,-0.48255678663565,5.,-6.220317345932,                 5P     49
6.020439180528,6.,4.4312044539308,-1.1972902714796,0.85,               5P     50
6.020439180528,-6.220317345932,6.,-1.78595603184199,                   5P     51
0.48255678663572,5.00000000000018,6.220317345932,                      5P     52
-6.020439180528,6.,-4.43120445393055,1.19729027147953,                 5P     53
0.84999999999983,4.71106239750685,-1.27290655069296,6.,                5P     54
4.62428078169748,-1.24945857273751,0.85,-4.40188704654392,             5P     55
4.23758820762896,6.60697989935761,-4.71106239750722,                   5P     56
1.27290655069306,5.99999999999999,-4.383468264163,                     5P     57
4.219169424279,6.,-4.6242807816971,1.24945857273741,                   5P     58
0.85000000000001,5.42559737637455,-1.46597048798686,                   5P     59
-0.00000000000057,5.59921350523355,-1.51288073647933,5.15,             5P     60
-5.42559737637515,1.46597048798703,-0.00000000000059,                  5P     61
-5.59921350523388,1.51288073647942,5.14999999999999,6.25,              5P     62
-6.050121834596,5.15,-5.670748382443,4.228746554169,6.8,               5P     63
6.050121834596,-6.25,5.15,-1.2,-6.25,5.15,-4.261606322146,             5P     64
5.867906990304,6.60697989934,-4.561913954737,-6.250000000011,          5P     65
5.15,-4.434746815351,4.43474681535,6.8,-6.250000000002,                5P     66
-4.561913954737,5.15,-6.25,-1.2,5.15,-6.220317345932,-1.2,6.,          5P     67
-5.95,-1.2,5.15,1.2,-6.220317345932,6.,-5.95,1.2,5.15,-6.25,1.2,       5P     68
5.15,-6.050121834596,6.25,5.15,4.561913954737,6.250000000011,          5P     69
5.15,4.760405557609,6.073624272478,5.149999999999,                     5P     70
6.250000000002,4.561913954737,5.15,6.220317345935,                     5P     71
4.535741426034,6.,4.733851174434,6.046968571645,6.,1.2,                5P     72
6.220317345932,6.,-1.2,5.95,6.,-1.2,6.220317345932,6.,                 5P     73
-6.020439180528,6.220317345932,6.,-5.86790699044287,                   5P     74
4.26160632130861,6.60697989936517,-5.95,1.2,6.,-6.220317345935,        5P     75
-4.535741426034,6.,-4.733851174434,-6.046968571645,6.,-1.2,            5P     76
-6.220317345932,6.,-1.2,-5.95,6.,-4.23582002565,5.893693286799,        5P     77
6.,-5.516026672449,5.680325512333,6.,-4.005801649812,                  5P     78
5.663674910962,6.,-4.219169424279,4.383468264163,6.,                   5P     79
-5.893693286799,4.23582002565,6.,-5.680325512333,5.516026672449,       5P     80
6.,-4.228746554168,5.670748382443,6.8,-5.49760789006808,               5P     81
5.66190672898304,6.60697989935762,-5.661906729122,                     5P     82
5.497607889238,6.60697989934,-4.23758820749,4.401887047374,            5P     83
6.60697989934,-4.03158794626195,5.63788861474486,                      5P     84
6.60697989935768;                                                      5P     85
126,4,2,0,0,0,0,3.40548643649097,3.40548643649097,                     7P     86
3.40548643649097,4.97628276328586,4.97628276328586,                    7P     87
6.54707909008076,6.54707909008076,6.54707909008076,1.,                 7P     88
0.70710678118655,1.,0.70710678118655,1.,-5.42559737637455,             7P     89
1.46597048798687,-0.00000000000057,-3.95962688838768,                  7P     90
6.89156786436141,-0.00000000000057,1.46597048798686,                   7P     91
5.42559737637455,-0.00000000000057,6.89156786436141,                   7P     92
3.95962688838769,-0.00000000000057,5.42559737637455,                   7P     93
-1.46597048798686,-0.00000000000057,3.40548643649097,                  7P     94
6.54707909008076;                                                      7P     95
126,4,2,0,0,0,0,3.40548643649137,3.40548643649137,                     9P     96
3.40548643649137,4.84433587183548,4.84433587183548,                    9P     97
6.28318530717959,6.28318530717959,6.28318530717959,1.,                 9P     98
0.75218493706412,1.,0.75218493706412,1.,5.89466667987355,              9P     99
-4.69443481209529,6.60697989934,5.67099987526216,                      9P    100
-3.86663777373462,6.60697989934,4.82097177435958,                      9P    101
-3.9794517971524,6.60697989934,3.970943673457,-4.09226582057017,       9P    102
6.60697989934,3.970943673457,-4.949747468306,6.60697989934,            9P    103
3.40548643649137,6.28318530717959;                                     9P    104
126,4,2,0,0,0,0,5.33349080011621,5.33349080011621,                    11P    105
5.33349080011621,6.28318530718205,6.28318530718205,                   11P    106
7.23287981424789,7.23287981424789,7.23287981424789,1.,                11P    107
0.88936256808066,1.,0.8893625680807,1.,-5.66367491096195,             11P    108
4.0058016498117,6.,-5.76521276880992,3.98887867350404,6.,             11P    109
-5.83791451595861,4.06158042065308,6.,-5.9106162631073,               11P    110
4.13428216780213,6.,-5.89369328679914,4.23582002565002,6.,            11P    111
5.33349080011621,7.23287981424789;                                    11P    112
126,2,2,0,0,0,0,0.,0.,0.,0.09688283844335,0.09688283844335,           13P    113
0.09688283844335,1.,0.99882694386673,1.,-6.04696857164752,            13P    114
-4.73385117443641,6.,-5.97346666931006,-4.74369400514444,6.,          13P    115
-5.90126156239738,-4.76060061625661,6.,0.,0.09688283844335;           13P    116
126,1,1,0,0,1,0,-0.06686700853091,-0.06686700853091,                  15P    117
0.78365110412309,0.78365110412309,1.,1.,5.90126156239839,             15P    118
4.76060061625627,6.,5.90802864076993,4.78950159552779,                15P    119
5.15000000000001,-0.06686700853091,0.78365110412309;                  15P    120
126,15,3,0,0,1,0,0.,0.,0.,0.,0.30940641839905,0.30940641839905,       17P    121
0.30940641839905,0.3333333333333,0.3333333333333,                     17P    122
0.3333333333333,0.6666666666667,0.6666666666667,0.6666666666667,      17P    123
0.68249958402222,0.68249958402222,0.68249958402222,                   17P    124
0.99999999999999,0.99999999999999,0.99999999999999,                   17P    125
0.99999999999999,1.,1.,1.,1.,1.,1.,1.,1.,1.,1.,1.,1.,1.,1.,1.,        17P    126
1.,-6.07362427248402,-4.76040555761673,5.14999999999971,              17P    127
-6.07110567187529,-4.75787396374422,5.23047299059864,                 17P    128
-6.06851655700273,-4.75527804463576,5.31315221709592,                 17P    129
-6.06587169827411,-4.75263345508227,5.39756102947369,                 17P    130
-6.06566716693265,-4.75242894455657,5.40408850386777,                 17P    131
-6.06546230226557,-4.75222414285915,5.41062632150554,                 17P    132
-6.0652571111201,-4.75201905717274,5.41717426195469,                  17P    133
-6.06239852911411,-4.74916194434984,5.50839566773912,                 17P    134
-6.05947656308975,-4.74624963176921,5.60158172065095,                 17P    135
-6.05643482133945,-4.74322738460087,5.69852063503868,                 17P    136
-6.0562903424022,-4.74308383163193,5.70312511249879,                  17P    137
-6.05614559328321,-4.7429400308262,5.70773805691456,                  17P    138
-6.05600057593505,-4.74279598434233,5.71235940441984,                 17P    139
-6.05309251626864,-4.73990739359675,5.80503213947911,                 17P    140
-6.05007658756917,-4.73692002826827,5.901084011376,                   17P    141
-6.04696857164566,-4.73385117442097,5.99999999999965,0.,              17P    142
0.99999999999999;                                                     17P    143
126,1,1,0,0,1,0,0.,0.,1.,1.,1.,1.,-4.219169424279,                    19P    144
4.383468264163,6.,-4.005801649812,5.663674910962,6.,0.,1.;            19P    145
126,2,2,0,0,0,0,0.,0.,0.,0.09688283844266,0.09688283844266,           21P    146
0.09688283844266,1.,0.99882694386729,1.,6.04696857164752,             21P    147
4.73385117443641,6.,5.97346666931059,4.74369400514437,6.,             21P    148
5.90126156239842,4.76060061625637,6.,0.,0.09688283844266;             21P    149
126,2,2,0,0,0,0,5.66337087716969,5.66337087716969,                    23P    150
5.66337087716969,6.90299973718948,6.90299973718948,                   23P    151
6.90299973718948,1.,0.81398626533745,1.,-5.68032551233346,            23P    152
5.51602667244908,6.,-5.65685424949294,5.65685424949294,6.,            23P    153
-5.51602667244908,5.68032551233346,6.,5.66337087716969,               23P    154
6.90299973718948;                                                     23P    155
126,2,2,0,0,0,0,0.,0.,0.,0.11214700456399,0.11214700456399,           25P    156
0.11214700456399,1.,0.99842829305369,1.,-6.0736242724801,             25P    157
-4.76040555762925,5.15,-5.99000984219467,-4.77030594095055,5.15,      25P    158
-5.90802864076888,-4.78950159552788,5.15,0.,0.11214700456399;         25P    159
126,9,3,0,0,1,0,-0.02912428639481,-0.02912428639481,                  27P    160
-0.02912428639481,-0.02912428639481,-0.02227049176067,                27P    161
-0.02227049176067,-0.0145626428053,-0.0145626428053,                  27P    162
-0.00685523171111,-0.00685523171111,-0.00000100000108,                27P    163
-0.00000100000108,-0.00000100000108,-0.00000100000108,1.,1.,1.,       27P    164
1.,1.,1.,1.,1.,1.,1.,-4.561913954737,-6.25000000003308,5.15,          27P    165
-4.58476150566645,-6.25000000002177,5.15,-4.60743078415695,           27P    166
-6.24608857388021,5.15,-4.65316303803714,-6.22981433362195,5.15,      27P    167
-4.6754822422872,-6.21661286718521,5.15000000000012,                  27P    168
-4.7138951488235,-6.1824799156593,5.15000000000012,                   27P    169
-4.7296287272106,-6.16186918292614,5.15,-4.75116838852253,            27P    170
-6.11836823256112,5.15,-4.75771888395586,-6.09631477607673,5.15,      27P    171
-4.76040555756546,-6.07362427247284,5.15,-0.02912428639481,           27P    172
-0.00000100000108;                                                    27P    173
126,15,3,0,0,1,0,0.,0.,0.,0.,0.30940641841081,0.30940641841081,       29P    174
0.30940641841081,0.3333333333333,0.3333333333333,                     29P    175
0.3333333333333,0.6666666666667,0.6666666666667,0.6666666666667,      29P    176
0.68249958403365,0.68249958403365,0.68249958403365,                   29P    177
0.99999999999999,0.99999999999999,0.99999999999999,                   29P    178
0.99999999999999,1.,1.,1.,1.,1.,1.,1.,1.,1.,1.,1.,1.,1.,1.,1.,        29P    179
1.,6.07362427248401,4.76040555761673,5.14999999999971,                29P    180
6.0711056718752,4.75787396374415,5.2304729906017,                     29P    181
6.06851655700255,4.75527804463566,5.31315221710219,                   29P    182
6.06587169827383,4.75263345508212,5.39756102948331,                   29P    183
6.06566716693247,4.75242894455652,5.40408850387419,                   29P    184
6.06546230226549,4.75222414285921,5.41062632150875,                   29P    185
6.06525711112012,4.7520190571729,5.41717426195469,                    29P    186
6.06239852911413,4.74916194435006,5.50839566773913,                   29P    187
6.05947656308977,4.74624963176944,5.60158172065096,                   29P    188
6.05643482133948,4.74322738460107,5.69852063503869,                   29P    189
6.05629034240212,4.74308383163203,5.70312511250212,                   29P    190
6.05614559328302,4.74294003082619,5.70773805692123,                   29P    191
6.05600057593476,4.74279598434222,5.71235940442985,                   29P    192
6.05309251626845,4.73990739359671,5.80503213948604,                   29P    193
6.05007658756907,4.73692002826828,5.90108401137956,                   29P    194
6.04696857164566,4.73385117442098,5.99999999999965,0.,                29P    195
0.99999999999999;                                                     29P    196
126,1,1,0,0,1,0,0.,0.,1.,1.,1.,1.,-1.2,-5.95,5.15,1.2,-5.95,          31P    197
5.15,0.,1.;                                                           31P    198
126,2,2,0,0,0,0,0.,0.,0.,0.11214700456329,0.11214700456329,           33P    199
0.11214700456329,1.,0.99842829305416,1.,6.0736242724801,              33P    200
4.76040555762925,5.15,5.99000984219518,4.77030594095049,5.15,         33P    201
5.90802864076989,4.78950159552764,5.15,0.,0.11214700456329;           33P    202
126,9,3,0,0,1,0,-0.02912428626855,-0.02912428626855,                  35P    203
-0.02912428626855,-0.02912428626855,-0.02227005458643,                35P    204
-0.02227005458643,-0.01456264352746,-0.01456264352746,                35P    205
-0.00685479460732,-0.00685479460732,-0.00000100000108,                35P    206
-0.00000100000108,-0.00000100000108,-0.00000100000108,1.,1.,1.,       35P    207
1.,1.,1.,1.,1.,1.,1.,6.07362427248402,4.76040555761672,5.15,          35P    208
6.09631477609577,4.75771888400461,5.15,6.11836823258714,              35P    209
4.75116838856555,5.15,6.16186918295108,4.72962872724137,5.15,         35P    210
6.18247991567759,4.71389514885164,5.15000000000012,                   35P    211
6.21661286718955,4.67548224231277,5.15000000000012,                   35P    212
6.2298143336191,4.65316303806283,5.15,6.24608857386808,               35P    213
4.6074307841746,5.15,6.25000000000381,4.58476150567462,5.15,          35P    214
6.25000000000595,4.561913954737,5.15,-0.02912428626855,               35P    215
-0.00000100000108;                                                    35P    216
126,1,1,0,0,1,0,-0.56479969516392,-0.56479969516392,                  37P    217
0.04255018531322,0.04255018531322,1.,1.,4.0048282567386,              37P    218
-5.20506012451667,6.60697989933999,3.98436582947259,                  37P    219
-5.21058897459597,6.00000000000001,-0.56479969516392,                 37P    220
0.04255018531322;                                                     37P    221
126,2,2,0,0,0,0,3.14159265358978,3.14159265358978,                    39P    222
3.14159265358978,3.40548643649137,3.40548643649137,                   39P    223
3.40548643649137,1.,0.99130763106955,1.,5.928551263155,               39P    224
-4.94974746830601,6.60697989934,5.928551263155,                       39P    225
-4.81984259325981,6.60697989934,5.89466667987355,                     39P    226
-4.69443481209529,6.60697989934,3.14159265358978,                     39P    227
3.40548643649137;                                                     39P    228
126,1,1,0,0,1,0,0.,0.,1.,1.,1.,1.,-4.23582002565,5.893693286799,      41P    229
6.,-5.516026672449,5.680325512333,6.,0.,1.;                           41P    230
126,2,2,0,0,0,0,0.11214700456399,0.11214700456399,                    43P    231
0.11214700456399,1.33508338771106,1.33508338771106,                   43P    232
1.33508338771106,1.,0.81880605555903,1.,-5.90802864076888,            43P    233
-4.78950159552788,5.15,-4.88406372550603,-5.02925993610886,5.15,      43P    234
-4.76040555762922,-6.07362427248039,5.15,0.11214700456399,            43P    235
1.33508338771106;                                                     43P    236
126,1,1,0,0,1,0,-0.06686700853091,-0.06686700853091,                  45P    237
0.78365110412309,0.78365110412309,1.,1.,-5.90126156239736,            45P    238
-4.76060061625652,6.,-5.90802864076891,-4.78950159552803,             45P    239
5.15000000000001,-0.06686700853091,0.78365110412309;                  45P    240
126,1,1,0,0,1,0,0.,0.,1.,1.,1.,1.,1.2,6.220317345932,6.,1.2,          47P    241
5.95,6.,0.,1.;                                                        47P    242
126,2,2,0,0,0,0,0.03490658503737,0.03490658503737,                    49P    243
0.03490658503737,1.57079632679445,1.57079632679445,                   49P    244
1.57079632679445,1.,0.71933980033793,1.,5.92855126315494,             49P    245
-4.94974746830601,6.60697989934,5.92181085271301,                     49P    246
-4.94974746830601,6.79999999999991,5.7286730977512,                   49P    247
-4.94974746830601,6.8,0.03490658503737,1.57079632679445;              49P    248
126,1,1,0,0,1,0,-0.04255018531322,-0.04255018531322,                  51P    249
0.56479969516392,0.56479969516392,1.,1.,5.91512910713941,             51P    250
-4.68890596201603,6.00000000000001,5.8946666798734,                   51P    251
-4.69443481209532,6.60697989933999,-0.04255018531322,                 51P    252
0.56479969516392;                                                     51P    253
126,2,2,0,0,0,0,0.,0.,0.,1.53588974166935,1.53588974166935,           53P    254
1.53588974166935,1.,0.7193398003684,1.,-5.464748121261,               53P    255
5.464748121261,6.8,-5.49649977258437,5.65525802920119,6.8,            53P    256
-5.49760788923775,5.66190672912145,6.60697989935762,0.,               53P    257
1.53588974166935;                                                     53P    258
126,1,1,0,0,1,0,0.,0.,1.,1.,1.,1.,1.2,5.95,5.15,-1.2,5.95,5.15,       55P    259
0.,1.;                                                                55P    260
126,2,2,0,0,0,0,-1.57079632679545,-1.57079632679545,                  57P    261
-1.57079632679545,-0.03490658503738,-0.03490658503738,                57P    262
-0.03490658503738,1.,0.7193398003376,1.,4.170821838861,               57P    263
-4.94974746830601,6.79999999999999,3.977684083899,                    57P    264
-4.94974746830601,6.8000000000001,3.97094367345706,                   57P    265
-4.94974746830601,6.60697989934,-1.57079632679545,                    57P    266
-0.03490658503738;                                                    57P    267
126,4,2,0,0,0,0,0.00000000424427,0.00000000424427,                    59P    268
0.00000000424427,0.94969450918915,0.94969450918915,                   59P    269
1.89938901413404,1.89938901413404,1.89938901413404,1.,                59P    270
0.8893625685656,1.,0.88936256856556,1.,-5.867906990442,               59P    271
4.26160632130929,6.6069798993819,-5.88461693699402,                   59P    272
4.16028149293613,6.61199436478066,-5.81191518988072,                  59P    273
4.08757974613091,6.61199436476758,-5.73921344276742,                  59P    274
4.01487799932569,6.61199436475449,-5.63788861446597,                  59P    275
4.03158794630799,6.60697989934049,0.00000000424427,                   59P    276
1.89938901413404;                                                     59P    277
126,1,1,0,0,1,0,0.,0.,1.,1.,1.,1.,1.2,6.25,5.15,1.2,5.95,5.15,        61P    278
0.,1.;                                                                61P    279
126,4,2,0,0,0,0,3.14159265358978,3.14159265358978,                    63P    280
3.14159265358978,4.71238898038468,4.71238898038468,                   63P    281
6.28318530717959,6.28318530717959,6.28318530717959,1.,                63P    282
0.70710678118655,1.,0.70710678118654,1.,5.7286730977512,              63P    283
-4.94974746830601,6.8,5.72867309775121,-4.1708218388608,6.8,          63P    284
4.949747468306,-4.1708218388608,6.8,4.1708218388608,                  63P    285
-4.17082183886079,6.8,4.1708218388608,-4.949747468306,6.8,            63P    286
3.14159265358978,6.28318530717959;                                    63P    287
126,1,1,0,0,1,0,0.,0.,1.,1.,1.,1.,6.25,-6.050121834596,5.15,          65P    288
6.250000000002,4.561913954737,5.15,0.,1.;                             65P    289
126,2,2,0,0,0,0,0.,0.,0.,0.26389378290158,0.26389378290158,           67P    290
0.26389378290158,1.,0.99130763106947,1.,3.970943673457,               67P    291
-4.949747468306,6.60697989934,3.970943673457,-5.07965234335219,       67P    292
6.60697989934,4.00482825673845,-5.20506012451671,6.60697989934,       67P    293
0.,0.26389378290158;                                                  67P    294
126,4,2,0,0,0,0,3.40548643649137,3.40548643649137,                    69P    295
3.40548643649137,4.97628276328627,4.97628276328627,                   69P    296
6.54707909008116,6.54707909008116,6.54707909008116,1.,                69P    297
0.70710678118654,1.,0.70710678118655,1.,5.91512910713926,             69P    298
-4.68890596201607,6.,5.65428760084933,-3.7235243231828,6.,            69P    299
4.68890596201607,-3.98436582947273,6.,3.7235243231828,                69P    300
-4.24520733576267,6.,3.98436582947274,-5.21058897459593,6.,           69P    301
3.40548643649137,6.54707909008116;                                    69P    302
126,1,1,0,0,1,0,-0.19736674309992,-0.19736674309992,                  71P    303
2.15223734142319,2.15223734142319,1.,1.,1.6894178679584,              71P    304
-0.45647263600669,5.,1.61025657357407,-0.43508363249095,              71P    305
2.651827230801,-0.19736674309992,2.15223734142319;                    71P    306
126,4,2,0,0,0,0,3.40548643649097,3.40548643649097,                    73P    307
3.40548643649097,4.97628276328586,4.97628276328586,                   73P    308
6.54707909008076,6.54707909008076,6.54707909008076,1.,                73P    309
0.70710678118655,1.,0.70710678118655,1.,-1.6894178679584,             73P    310
0.45647263600669,5.,-1.2329452319517,2.14589050396509,5.,             73P    311
0.45647263600669,1.6894178679584,5.,2.14589050396509,                 73P    312
1.2329452319517,5.,1.6894178679584,-0.45647263600669,5.,              73P    313
3.40548643649097,6.54707909008076;                                    73P    314
126,1,1,0,0,1,0,-2.15223734142319,-2.15223734142319,                  75P    315
0.19736674309992,0.19736674309992,1.,1.,-1.61025657357407,            75P    316
0.43508363249095,2.651827230801,-1.6894178679584,                     75P    317
0.45647263600669,5.,-2.15223734142319,0.19736674309992;               75P    318
126,4,2,0,0,0,0,6.01929152427841,6.01929152427841,                    77P    319
6.01929152427841,7.59008785107331,7.59008785107331,                   77P    320
9.1608841778682,9.1608841778682,9.1608841778682,1.,                   77P    321
0.70710678118655,1.,0.70710678118655,1.,1.61025657357406,             77P    322
-0.43508363249095,2.651827230801,2.04534020606501,                    77P    323
1.17517294108311,2.651827230801,0.43508363249095,                     77P    324
1.61025657357406,2.651827230801,-1.17517294108311,                    77P    325
2.04534020606502,2.651827230801,-1.61025657357406,                    77P    326
0.43508363249096,2.651827230801,6.01929152427841,                     77P    327
9.1608841778682;                                                      77P    328
126,1,1,0,0,1,0,-0.41773161292876,-0.41773161292876,                  79P    329
4.55526377907815,4.55526377907815,1.,1.,1.78595603184199,             79P    330
-0.48255678663572,5.00000000000018,4.43120445393055,                  79P    331
-1.19729027147953,0.84999999999983,-0.41773161292876,                 79P    332
4.55526377907815;                                                     79P    333
126,2,2,0,0,0,0,0.,0.,0.,1.53588974175751,1.53588974175751,           81P    334
1.53588974175751,1.,0.71933980033778,1.,-4.434746815351,              81P    335
4.434746815351,6.8,-4.244236907394,4.40299516402482,6.8,              81P    336
-4.23758820748994,4.40188704737415,6.60697989934,0.,                  81P    337
1.53588974175751;                                                     81P    338
126,4,2,0,0,0,0,2.87769887068862,2.87769887068862,                    83P    339
2.87769887068862,4.44849519748352,4.44849519748352,                   83P    340
6.01929152427841,6.01929152427841,6.01929152427841,1.,                83P    341
0.70710678118655,1.,0.70710678118655,1.,-1.78595603184174,            83P    342
0.48255678663565,5.,-2.26851281847738,-1.30339924520608,5.,           83P    343
-0.48255678663565,-1.78595603184173,5.,1.30339924520608,              83P    344
-2.26851281847739,5.,1.78595603184173,-0.48255678663565,5.,           83P    345
2.87769887068862,6.01929152427841;                                    83P    346
126,1,1,0,0,1,0,-4.55526377907815,-4.55526377907815,                  85P    347
0.41773161292876,0.41773161292876,1.,1.,-4.43120445393055,            85P    348
1.19729027147954,0.84999999999983,-1.78595603184199,                  85P    349
0.48255678663572,5.00000000000018,-4.55526377907815,                  85P    350
0.41773161292876;                                                     85P    351
126,1,1,0,0,1,0,0.,0.,1.,1.,1.,1.,-4.228746554168,                    87P    352
5.670748382443,6.8,-5.464748121261,5.464748121262,6.8,0.,1.;          87P    353
126,4,2,0,0,0,0,6.54707909008076,6.54707909008076,                    89P    354
6.54707909008076,8.11787541687566,8.11787541687566,                   89P    355
9.68867174367055,9.68867174367055,9.68867174367055,1.,                89P    356
0.70710678118655,1.,0.70710678118655,1.,4.4312044539308,              89P    357
-1.1972902714796,0.85,3.2339141824512,-5.6284947254104,0.85,          89P    358
-1.1972902714796,-4.4312044539308,0.85,-5.62849472541039,             89P    359
-3.23391418245121,0.85,-4.43120445393081,1.19729027147959,0.85,       89P    360
6.54707909008076,9.68867174367055;                                    89P    361
126,1,1,0,0,1,0,-0.43266589711178,-0.43266589711178,                  91P    362
4.71811859231434,4.71811859231434,1.,1.,4.71106239750722,             91P    363
-1.27290655069306,5.99999999999999,4.6242807816971,                   91P    364
-1.24945857273741,0.85000000000001,-0.43266589711178,                 91P    365
4.71811859231434;                                                     91P    366
126,4,2,0,0,0,0,3.40548643649097,3.40548643649097,                    93P    367
3.40548643649097,4.97628276328586,4.97628276328586,                   93P    368
6.54707909008076,6.54707909008076,6.54707909008076,1.,                93P    369
0.70710678118655,1.,0.70710678118655,1.,-4.71106239750685,            93P    370
1.27290655069296,6.,-3.43815584681389,5.9839689481998,6.,             93P    371
1.27290655069295,4.71106239750685,6.,5.9839689481998,                 93P    372
3.43815584681389,6.,4.71106239750685,-1.27290655069295,6.,            93P    373
3.40548643649097,6.54707909008076;                                    93P    374
126,1,1,0,0,1,0,-4.71811859231434,-4.71811859231434,                  95P    375
0.43266589711178,0.43266589711178,1.,1.,-4.6242807816971,             95P    376
1.24945857273741,0.85,-4.71106239750722,1.27290655069305,             95P    377
5.99999999999999,-4.71811859231434,0.43266589711178;                  95P    378
126,2,2,0,0,0,0,0.09688283844266,0.09688283844266,                    97P    379
0.09688283844266,1.30455505546817,1.30455505546817,                   97P    380
1.30455505546817,1.,0.8231635177233,1.,5.90126156239842,              97P    381
4.76060061625637,6.,4.87389884837975,5.00115454131336,6.,             97P    382
4.7338511744367,6.04696857164536,6.,0.09688283844266,                 97P    383
1.30455505546817;                                                     97P    384
126,4,2,0,0,0,0,6.01929152427841,6.01929152427841,                    99P    385
6.01929152427841,7.59008785107331,7.59008785107331,                   99P    386
9.1608841778682,9.1608841778682,9.1608841778682,1.,                   99P    387
0.70710678118655,1.,0.70710678118655,1.,4.62428078169748,             99P    388
-1.24945857273751,0.85,5.87373935443499,3.37482220895996,0.85,        99P    389
1.24945857273751,4.62428078169748,0.85,-3.37482220895996,             99P    390
5.87373935443499,0.85,-4.62428078169747,1.24945857273752,0.85,        99P    391
6.01929152427841,9.1608841778682;                                     99P    392
126,1,1,0,0,1,0,0.,0.,1.,1.,1.,1.,1.2,5.95,6.,-1.2,5.95,6.,0.,       101P    393
1.;                                                                  101P    394
126,1,1,0,0,1,0,-4.72027546427586,-4.72027546427586,                 103P    395
0.43286368886366,0.43286368886366,1.,1.,5.42559737637516,            103P    396
-1.46597048798703,-0.00000000000059,5.59921350523388,                103P    397
-1.51288073647942,5.14999999999999,-4.72027546427586,                103P    398
0.43286368886366;                                                    103P    399
126,1,1,0,0,1,0,0.,0.,1.,1.,1.,1.,-5.670748382443,                   105P    400
4.228746554169,6.8,-4.434746815351,4.43474681535,6.8,0.,1.;          105P    401
126,1,1,0,0,1,0,0.,0.,1.,1.,1.,1.,-6.220317345932,-1.2,6.,-6.25,     107P    402
-1.2,5.15,0.,1.;                                                     107P    403
126,1,1,0,0,1,0,0.,0.,1.,1.,1.,1.,-6.020439180528,                   109P    404
6.220317345932,6.,-1.2,6.220317345932,6.,0.,1.;                      109P    405
126,1,1,0,0,1,0,-0.43286368886366,-0.43286368886366,                 111P    406
4.72027546427586,4.72027546427586,1.,1.,-5.59921350523388,           111P    407
1.51288073647942,5.14999999999999,-5.42559737637516,                 111P    408
1.46597048798703,-0.00000000000059,-0.43286368886366,                111P    409
4.72027546427586;                                                    111P    410
126,2,2,0,0,0,0,5.49839613136801,5.49839613136801,                   113P    411
5.49839613136801,7.06797448299116,7.06797448299116,                  113P    412
7.06797448299116,1.,0.70753726929068,1.,-6.020439180528,             113P    413
6.22031734593175,6.,-6.2203173459317,6.2203173459317,6.,             113P    414
-6.22031734593175,6.020439180528,6.,5.49839613136801,                113P    415
7.06797448299116;                                                    113P    416
126,4,2,0,0,0,0,6.01929152427841,6.01929152427841,                   115P    417
6.01929152427841,7.59008785107331,7.59008785107331,                  115P    418
9.16088417786821,9.16088417786821,9.16088417786821,1.,               115P    419
0.70710678118655,1.,0.70710678118655,1.,5.59921350523355,            115P    420
-1.51288073647933,5.15,7.11209424171288,4.08633276875421,5.15,       115P    421
1.51288073647933,5.59921350523355,5.15,-4.08633276875421,            115P    422
7.11209424171288,5.15,-5.59921350523355,1.51288073647933,5.15,       115P    423
6.01929152427841,9.16088417786821;                                   115P    424
126,4,2,0,0,0,0,6.54707909008076,6.54707909008076,                   117P    425
6.54707909008076,8.11787541687566,8.11787541687566,                  117P    426
9.68867174367055,9.68867174367055,9.68867174367055,1.,               117P    427
0.70710678118655,1.,0.70710678118655,1.,5.42559737637455,            117P    428
-1.46597048798686,-0.00000000000057,3.95962688838769,                117P    429
-6.89156786436141,-0.00000000000057,-1.46597048798686,               117P    430
-5.42559737637455,-0.00000000000057,-6.89156786436142,               117P    431
-3.95962688838769,-0.00000000000057,-5.42559737637455,               117P    432
1.46597048798687,-0.00000000000057,6.54707909008076,                 117P    433
9.68867174367055;                                                    117P    434
126,2,2,0,0,0,0,0.,0.,0.,1.5358897416694,1.5358897416694,            119P    435
1.5358897416694,1.,0.71933980036838,1.,-4.434746815351,              119P    436
4.434746815351,6.8,-4.40299516402762,4.2442369074108,6.8,            119P    437
-4.40188704737425,4.23758820749055,6.60697989935761,0.,              119P    438
1.5358897416694;                                                     119P    439
126,4,2,0,0,0,0,2.87769887068862,2.87769887068862,                   121P    440
2.87769887068862,4.44849519748352,4.44849519748352,                  121P    441
6.01929152427841,6.01929152427841,6.01929152427841,1.,               121P    442
0.70710678118655,1.,0.70710678118655,1.,-5.59921350523355,           121P    443
1.51288073647933,5.15,-7.11209424171288,-4.08633276875422,5.15,      121P    444
-1.51288073647933,-5.59921350523355,5.15,4.08633276875422,           121P    445
-7.11209424171288,5.15,5.59921350523355,-1.51288073647933,5.15,      121P    446
2.87769887068862,6.01929152427841;                                   121P    447
126,2,2,0,0,0,0,2.35680347777822,2.35680347777822,                   123P    448
2.35680347777822,3.92638182940137,3.92638182940137,                  123P    449
3.92638182940137,1.,0.70753726929068,1.,6.24999999999975,            123P    450
-6.050121834596,5.15,6.2499999999997,-6.2499999999997,5.15,          123P    451
6.050121834596,-6.24999999999975,5.15,2.35680347777822,              123P    452
3.92638182940137;                                                    123P    453
126,1,1,0,0,1,0,0.,0.,1.,1.,1.,1.,6.050121834596,-6.25,5.15,1.2,     125P    454
-6.25,5.15,0.,1.;                                                    125P    455
126,1,1,0,0,1,0,0.,0.,1.,1.,1.,1.,1.2,-6.25,5.15,1.2,-5.95,5.15,     127P    456
0.,1.;                                                               127P    457
126,1,1,0,0,1,0,0.,0.,1.,1.,1.,1.,-1.2,-6.25,5.15,-1.2,-5.95,        129P    458
5.15,0.,1.;                                                          129P    459
126,1,1,0,0,1,0,0.,0.,1.,1.,1.,1.,-1.2,-6.25,5.15,                   131P    460
-4.561913954737,-6.250000000011,5.15,0.,1.;                          131P    461
126,9,3,0,0,1,0,-0.02912428626853,-0.02912428626853,                 133P    462
-0.02912428626853,-0.02912428626853,-0.02227005458642,               133P    463
-0.02227005458642,-0.01456264352745,-0.01456264352745,               133P    464
-0.00685479460731,-0.00685479460731,-0.00000100000108,               133P    465
-0.00000100000108,-0.00000100000108,-0.00000100000108,1.,1.,1.,      133P    466
1.,1.,1.,1.,1.,1.,1.,-6.07362427248402,-4.76040555761672,5.15,       133P    467
-6.09631477609576,-4.75771888400462,5.15,-6.11836823258714,          133P    468
-4.75116838856556,5.15,-6.16186918295107,-4.72962872724138,5.15,     133P    469
-6.18247991567758,-4.71389514885164,5.15000000000012,                133P    470
-6.21661286718953,-4.67548224231275,5.15000000000012,                133P    471
-6.22981433361908,-4.65316303806279,5.15,-6.24608857386805,          133P    472
-4.60743078417457,5.15,-6.25000000000378,-4.58476150567459,5.15,     133P    473
-6.25000000000592,-4.561913954737,5.15,-0.02912428626853,            133P    474
-0.00000100000108;                                                   133P    475
126,1,1,0,0,1,0,0.,0.,1.,1.,1.,1.,-6.25,-1.2,5.15,                   135P    476
-6.250000000002,-4.561913954737,5.15,0.,1.;                          135P    477
126,1,1,0,0,1,0,0.,0.,1.,1.,1.,1.,-6.25,-1.2,5.15,-5.95,-1.2,        137P    478
5.15,0.,1.;                                                          137P    479
126,2,2,0,0,0,0,0.,0.,0.,1.53588974175751,1.53588974175751,          139P    480
1.53588974175751,1.,0.71933980033778,1.,-4.228746554169,             139P    481
5.670748382443,6.8,-4.26049820549517,5.8612582904,6.8,               139P    482
-4.26160632214585,5.86790699030406,6.60697989934,0.,                 139P    483
1.53588974175751;                                                    139P    484
126,1,1,0,0,1,0,0.,0.,1.,1.,1.,1.,-5.95,1.2,5.15,-5.95,-1.2,         141P    485
5.15,0.,1.;                                                          141P    486
126,1,1,0,0,1,0,0.,0.,1.,1.,1.,1.,-6.25,1.2,5.15,-5.95,1.2,5.15,     143P    487
0.,1.;                                                               143P    488
126,1,1,0,0,1,0,0.,0.,1.,1.,1.,1.,-6.25,6.050121834596,5.15,         145P    489
-6.25,1.2,5.15,0.,1.;                                                145P    490
126,2,2,0,0,0,0,2.35680347777822,2.35680347777822,                   147P    491
2.35680347777822,3.92638182940137,3.92638182940137,                  147P    492
3.92638182940137,1.,0.70753726929068,1.,-6.24999999999975,           147P    493
6.050121834596,5.15,-6.2499999999997,6.2499999999997,5.15,           147P    494
-6.050121834596,6.24999999999975,5.15,2.35680347777822,              147P    495
3.92638182940137;                                                    147P    496
126,1,1,0,0,1,0,0.,0.,1.,1.,1.,1.,-6.050121834596,6.25,5.15,         149P    497
-1.2,6.25,5.15,0.,1.;                                                149P    498
126,1,1,0,0,1,0,0.,0.,1.,1.,1.,1.,-1.2,6.25,5.15,-1.2,5.95,5.15,     151P    499
0.,1.;                                                               151P    500
126,1,1,0,0,1,0,0.,0.,1.,1.,1.,1.,1.2,6.25,5.15,4.561913954737,      153P    501
6.250000000011,5.15,0.,1.;                                           153P    502
126,9,3,0,0,1,0,-0.02912428639479,-0.02912428639479,                 155P    503
-0.02912428639479,-0.02912428639479,-0.02227049176065,               155P    504
-0.02227049176065,-0.01456264280529,-0.01456264280529,               155P    505
-0.0068552317111,-0.0068552317111,-0.00000100000108,                 155P    506
-0.00000100000108,-0.00000100000108,-0.00000100000108,1.,1.,1.,      155P    507
1.,1.,1.,1.,1.,1.,1.,4.561913954737,6.25000000003307,5.15,           155P    508
4.58476150566645,6.25000000002177,5.15,4.60743078415695,             155P    509
6.2460885738802,5.15,4.65316303803714,6.22981433362195,5.15,         155P    510
4.6754822422872,6.21661286718521,5.15000000000013,                   155P    511
4.71389514882349,6.1824799156593,5.15000000000013,                   155P    512
4.72962872721059,6.16186918292614,5.15,4.75116838852252,             155P    513
6.11836823256111,5.15,4.75771888395585,6.09631477607672,5.15,        155P    514
4.76040555756544,6.07362427247284,5.15,-0.02912428639479,            155P    515
-0.00000100000108;                                                   155P    516
126,4,2,0,0,0,0,6.01929152427841,6.01929152427841,                   157P    517
6.01929152427841,7.59008785107331,7.59008785107331,                  157P    518
9.16088417786821,9.16088417786821,9.16088417786821,1.,               157P    519
0.70710678118655,1.,0.70710678118655,1.,1.78595603184173,            157P    520
-0.48255678663565,5.,2.26851281847739,1.30339924520609,5.,           157P    521
0.48255678663565,1.78595603184174,5.,-1.30339924520609,              157P    522
2.26851281847738,5.,-1.78595603184174,0.48255678663565,5.,           157P    523
6.01929152427841,9.16088417786821;                                   157P    524
126,2,2,0,0,0,0,0.,0.,0.,1.53588974175751,1.53588974175751,          159P    525
1.53588974175751,1.,0.71933980033778,1.,-5.464748121261,             159P    526
5.464748121261,6.8,-5.655258029218,5.49649977258717,6.8,             159P    527
-5.66190672912206,5.49760788923785,6.60697989934,0.,                 159P    528
1.53588974175751;                                                    159P    529
126,2,2,0,0,0,0,0.11214700456329,0.11214700456329,                   161P    530
0.11214700456329,1.33508338771106,1.33508338771106,                  161P    531
1.33508338771106,1.,0.81880605555884,1.,5.90802864076989,            161P    532
4.78950159552764,5.15,4.88406372550612,5.02925993610809,5.15,        161P    533
4.76040555762922,6.07362427248039,5.15,0.11214700456329,             161P    534
1.33508338771106;                                                    161P    535
126,2,2,0,0,0,0,5.49839613136801,5.49839613136801,                   163P    536
5.49839613136801,7.06797448299116,7.06797448299116,                  163P    537
7.06797448299116,1.,0.70753726929068,1.,6.020439180528,              163P    538
-6.22031734593175,6.,6.2203173459317,-6.2203173459317,6.,            163P    539
6.22031734593175,-6.020439180528,6.,5.49839613136801,                163P    540
7.06797448299116;                                                    163P    541
126,1,1,0,0,1,0,0.,0.,1.,1.,1.,1.,6.050121834596,-6.25,5.15,         165P    542
6.020439180528,-6.220317345932,6.,0.,1.;                             165P    543
126,1,1,0,0,1,0,0.,0.,1.,1.,1.,1.,6.25,-6.050121834596,5.15,         167P    544
6.220317345932,-6.020439180528,6.,0.,1.;                             167P    545
126,1,1,0,0,1,0,0.,0.,1.,1.,1.,1.,6.220317345932,                    169P    546
-6.020439180528,6.,6.220317345935,4.535741426034,6.,0.,1.;           169P    547
126,9,3,0,0,1,0,0.00000100000105,0.00000100000105,                   171P    548
0.00000100000105,0.00000100000105,0.0066954266991,                   171P    549
0.0066954266991,0.01440897188278,0.01440897188278,                   171P    550
0.02211087582565,0.02211087582565,0.02881691788922,                  171P    551
0.02881691788922,0.02881691788922,0.02881691788922,1.,1.,1.,1.,      171P    552
1.,1.,1.,1.,1.,1.,6.22031734594001,4.535741426034,6.,                171P    553
6.22031734593754,4.55805773047557,6.,6.21658564383352,               171P    554
4.58020723996368,6.,6.20084156766734,4.62558290653311,6.,            171P    555
6.18780410324597,4.64802094333835,6.00000000000169,                  171P    556
6.15396484179018,4.68669377314467,6.00000000000169,                  171P    557
6.13349186070142,4.70257551851518,6.,6.09061989820764,               171P    558
4.72422761872541,6.,6.06912581146323,4.73088404086998,6.,            171P    559
6.04696857164566,4.73385117442097,6.,0.00000100000105,               171P    560
0.02881691788922;                                                    171P    561
126,9,3,0,0,1,0,0.00000100000105,0.00000100000105,                   173P    562
0.00000100000105,0.00000100000105,0.00670704216226,                  173P    563
0.00670704216226,0.0144089462165,0.0144089462165,                    173P    564
0.02212249151135,0.02212249151135,0.02881691830715,                  173P    565
0.02881691830715,0.02881691830715,0.02881691830715,1.,1.,1.,1.,      173P    566
1.,1.,1.,1.,1.,1.,4.733851174428,6.0469685716442,6.,                 173P    567
4.73088404087754,6.0691258114637,6.,4.72422761873263,                173P    568
6.09061989820995,6.,4.70257551852101,6.13349186070458,6.,            173P    569
4.68669377315022,6.15396484179245,6.00000000000169,                  173P    570
4.64802094334432,6.18780410324542,6.00000000000169,                  173P    571
4.62558290654021,6.2008415676652,6.,4.58020723996946,                173P    572
6.21658564383103,6.,4.55805773047839,6.22031734593481,6.,            173P    573
4.535741426034,6.22031734593634,6.,0.00000100000105,                 173P    574
0.02881691830715;                                                    173P    575
126,1,1,0,0,1,0,0.,0.,1.,1.,1.,1.,1.2,6.220317345932,6.,             175P    576
4.535741426034,6.220317345933,6.,0.,1.;                              175P    577
126,1,1,0,0,1,0,0.,0.,1.,1.,1.,1.,-6.220317345932,                   177P    578
6.020439180528,6.,-6.220317345932,1.2,6.,0.,1.;                      177P    579
126,1,1,0,0,1,0,0.,0.,1.,1.,1.,1.,-4.434746815351,4.43474681535,     179P    580
6.8,-4.228746554168,5.670748382443,6.8,0.,1.;                        179P    581
126,1,1,0,0,1,0,0.,0.,1.,1.,1.,1.,-6.220317345932,1.2,6.,-5.95,      181P    582
1.2,6.,0.,1.;                                                        181P    583
126,1,1,0,0,1,0,-0.00000000001746,-0.00000000001746,1.,1.,1.,1.,     183P    584
-4.40188704626732,4.23758820767532,6.6069798993646,                  183P    585
-4.383468264163,4.219169424279,6.,-0.00000000001746,1.;              183P    586
126,1,1,0,0,1,0,0.,0.,1.,1.,1.,1.,-5.95,1.2,6.,-5.95,-1.2,6.,0.,     185P    587
1.;                                                                  185P    588
126,1,1,0,0,1,0,0.,0.,1.,1.,1.,1.,-5.464748121261,                   187P    589
5.464748121262,6.8,-5.670748382443,4.228746554169,6.8,0.,1.;         187P    590
126,1,1,0,0,1,0,0.,0.,1.,1.,1.,1.,-6.220317345932,-1.2,6.,-5.95,     189P    591
-1.2,6.,0.,1.;                                                       189P    592
126,1,1,0,0,1,0,0.,0.,1.,1.,1.,1.,-6.220317345932,-1.2,6.,           191P    593
-6.220317345935,-4.535741426034,6.,0.,1.;                            191P    594
126,9,3,0,0,1,0,0.00000100000105,0.00000100000105,                   193P    595
0.00000100000105,0.00000100000105,0.0066954266991,                   193P    596
0.0066954266991,0.01440897188279,0.01440897188279,                   193P    597
0.02211087582565,0.02211087582565,0.02881691788922,                  193P    598
0.02881691788922,0.02881691788922,0.02881691788922,1.,1.,1.,1.,      193P    599
1.,1.,1.,1.,1.,1.,-6.22031734594,-4.535741426034,6.,                 193P    600
-6.22031734593753,-4.55805773047556,6.,-6.2165856438335,             193P    601
-4.58020723996366,6.,-6.20084156766733,-4.6255829065331,6.,          193P    602
-6.18780410324596,-4.64802094333833,6.00000000000168,                193P    603
-6.15396484179016,-4.68669377314466,6.00000000000168,                193P    604
-6.13349186070141,-4.70257551851517,6.,-6.09061989820763,            193P    605
-4.7242276187254,6.,-6.06912581146322,-4.73088404086996,6.,          193P    606
-6.04696857164565,-4.73385117442095,6.,0.00000100000105,             193P    607
0.02881691788922;                                                    193P    608
126,2,2,0,0,0,0,0.09688283844335,0.09688283844335,                   195P    609
0.09688283844335,1.30455505546817,1.30455505546817,                  195P    610
1.30455505546817,1.,0.82316351772349,1.,-5.90126156239738,           195P    611
-4.76060061625661,6.,-4.87389884837964,-5.00115454131413,6.,         195P    612
-4.7338511744367,-6.04696857164536,6.,0.09688283844335,              195P    613
1.30455505546817;                                                    195P    614
126,9,3,0,0,1,0,0.00000100000105,0.00000100000105,                   197P    615
0.00000100000105,0.00000100000105,0.00670704216225,                  197P    616
0.00670704216225,0.01440894621648,0.01440894621648,                  197P    617
0.02212249151133,0.02212249151133,0.02881691830712,                  197P    618
0.02881691830712,0.02881691830712,0.02881691830712,1.,1.,1.,1.,      197P    619
1.,1.,1.,1.,1.,1.,-4.73385117442796,-6.04696857164419,6.,            197P    620
-4.7308840408775,-6.06912581146365,6.,-4.7242276187326,              197P    621
-6.09061989820988,6.,-4.70257551852099,-6.13349186070451,6.,         197P    622
-4.68669377315018,-6.15396484179239,6.00000000000169,                197P    623
-4.64802094334427,-6.18780410324538,6.00000000000169,                197P    624
-4.62558290654014,-6.20084156766517,6.,-4.5802072399694,             197P    625
-6.216585643831,6.,-4.55805773047836,-6.22031734593478,6.,           197P    626
-4.535741426034,-6.22031734593631,6.,0.00000100000105,               197P    627
0.02881691830712;                                                    197P    628
126,1,1,0,0,1,0,0.,0.,1.,1.,1.,1.,-1.2,-6.220317345932,6.,           199P    629
-4.535741426034,-6.220317345933,6.,0.,1.;                            199P    630
126,1,1,0,0,1,0,0.,0.,1.,1.,1.,1.,-1.2,-6.220317345932,6.,-1.2,      201P    631
-5.95,6.,0.,1.;                                                      201P    632
126,2,2,0,0,0,0,0.,0.,0.,1.53588974166909,1.53588974166909,          203P    633
1.53588974166909,1.,0.7193398003685,1.,-4.228746554169,              203P    634
5.670748382443,6.8,-4.03823664622886,5.63899673111963,6.8,           203P    635
-4.03158794630855,5.63788861446625,6.60697989935767,0.,              203P    636
1.53588974166909;                                                    203P    637
126,1,1,0,0,1,0,0.,0.,1.,1.,1.,1.,-1.2,-5.95,6.,1.2,-5.95,6.,0.,     205P    638
1.;                                                                  205P    639
126,1,1,0,0,1,0,0.,0.,1.,1.,1.,1.,1.2,-6.220317345932,6.,1.2,        207P    640
-5.95,6.,0.,1.;                                                      207P    641
126,2,2,0,0,0,0,0.0000000042098,0.0000000042098,0.0000000042098,     209P    642
1.23962886001735,1.23962886001735,1.23962886001735,1.,               209P    643
0.81398626656088,1.,-5.49760789006797,5.66190672898294,              209P    644
6.60697989936147,-5.63832760136354,5.63832760063226,                 209P    645
6.61053452613711,-5.66190672912202,5.49760788923799,                 209P    646
6.6069798993405,0.0000000042098,1.23962886001735;                    209P    647
126,1,1,0,0,1,0,0.,0.,1.,1.,1.,1.,6.020439180528,                    211P    648
-6.220317345932,6.,1.2,-6.220317345932,6.,0.,1.;                     211P    649
126,4,2,0,0,0,0,6.54707909008116,6.54707909008116,                   213P    650
6.54707909008116,8.11787541687606,8.11787541687606,                  213P    651
9.68867174367096,9.68867174367096,9.68867174367096,1.,               213P    652
0.70710678118655,1.,0.70710678118655,1.,3.98436582947274,            213P    653
-5.21058897459593,6.,4.24520733576267,-6.17597061342919,6.,          213P    654
5.21058897459593,-5.91512910713926,6.,6.17597061342919,              213P    655
-5.65428760084933,6.,5.91512910713926,-4.68890596201607,6.,          213P    656
6.54707909008116,9.68867174367096;                                   213P    657
126,4,2,0,0,0,0,5.33349080011128,5.33349080011128,                   215P    658
5.33349080011128,6.28318530717713,6.28318530717713,                  215P    659
7.23287981424297,7.23287981424297,7.23287981424297,1.,               215P    660
0.8893625680807,1.,0.88936256808067,1.,-4.23582002565002,            215P    661
5.89369328679914,6.,-4.13428216780213,5.9106162631073,6.,            215P    662
-4.06158042065308,5.83791451595861,6.,-3.98887867350404,             215P    663
5.76521276880992,6.,-4.0058016498117,5.66367491096195,6.,            215P    664
5.33349080011128,7.23287981424297;                                   215P    665
126,1,1,0,0,1,0,-0.00000000001747,-0.00000000001747,1.,1.,1.,1.,     217P    666
-5.49760789034468,5.66190672893668,6.60697989936461,                 217P    667
-5.516026672449,5.680325512333,6.,-0.00000000001747,1.;              217P    668
126,2,2,0,0,0,0,5.66337087716969,5.66337087716969,                   219P    669
5.66337087716969,6.90299973718948,6.90299973718948,                  219P    670
6.90299973718948,1.,0.81398626533744,1.,-4.21916942427854,           219P    671
4.38346826416292,6.,-4.24264068711906,4.24264068711906,6.,           219P    672
-4.38346826416292,4.21916942427854,6.,5.66337087716969,              219P    673
6.90299973718948;                                                    219P    674
126,1,1,0,0,1,0,0.,0.,1.,1.,1.,1.,-5.663674910962,                   221P    675
4.005801649812,6.,-4.383468264163,4.219169424279,6.,0.,1.;           221P    676
126,1,1,0,0,1,0,0.,0.,1.,1.,1.,1.,-5.680325512333,                   223P    677
5.516026672449,6.,-5.893693286799,4.23582002565,6.,0.,1.;            223P    678
126,4,2,0,0,0,0,6.54707909008076,6.54707909008076,                   225P    679
6.54707909008076,8.11787541687566,8.11787541687566,                  225P    680
9.68867174367055,9.68867174367055,9.68867174367055,1.,               225P    681
0.70710678118655,1.,0.70710678118655,1.,4.71106239750685,            225P    682
-1.27290655069295,6.,3.43815584681389,-5.9839689481998,6.,           225P    683
-1.27290655069295,-4.71106239750685,6.,-5.98396894819981,            225P    684
-3.43815584681389,6.,-4.71106239750685,1.27290655069296,6.,          225P    685
6.54707909008076,9.68867174367055;                                   225P    686
126,1,1,0,0,1,0,0.00000000004786,0.00000000004786,1.,1.,1.,1.,       227P    687
-5.63788861404023,4.03158794637777,6.60697989931895,                 227P    688
-5.663674910962,4.005801649812,6.,0.00000000004786,1.;               227P    689
126,4,2,0,0,0,0,2.87769887068862,2.87769887068862,                   229P    690
2.87769887068862,4.44849519748352,4.44849519748352,                  229P    691
6.01929152427841,6.01929152427841,6.01929152427841,1.,               229P    692
0.70710678118655,1.,0.70710678118655,1.,-4.62428078169748,           229P    693
1.24945857273751,0.85,-5.87373935443499,-3.37482220895997,0.85,      229P    694
-1.24945857273751,-4.62428078169748,0.85,3.37482220895997,           229P    695
-5.87373935443499,0.85,4.62428078169748,-1.24945857273751,0.85,      229P    696
2.87769887068862,6.01929152427841;                                   229P    697
126,4,2,0,0,0,0,3.40548643649096,3.40548643649096,                   231P    698
3.40548643649096,4.97628276328586,4.97628276328586,                  231P    699
6.54707909008076,6.54707909008076,6.54707909008076,1.,               231P    700
0.70710678118655,1.,0.70710678118655,1.,-4.43120445393081,           231P    701
1.1972902714796,0.85,-3.23391418245121,5.6284947254104,0.85,         231P    702
1.1972902714796,4.4312044539308,0.85,5.6284947254104,                231P    703
3.2339141824512,0.85,4.4312044539308,-1.1972902714796,0.85,          231P    704
3.40548643649096,6.54707909008076;                                   231P    705
126,4,2,0,0,0,0,6.54707909008076,6.54707909008076,                   233P    706
6.54707909008076,8.11787541687566,8.11787541687566,                  233P    707
9.68867174367055,9.68867174367055,9.68867174367055,1.,               233P    708
0.70710678118655,1.,0.70710678118655,1.,1.6894178679584,             233P    709
-0.45647263600669,5.,1.2329452319517,-2.14589050396509,5.,           233P    710
-0.45647263600669,-1.6894178679584,5.,-2.14589050396509,             233P    711
-1.2329452319517,5.,-1.6894178679584,0.45647263600669,5.,            233P    712
6.54707909008076,9.68867174367055;                                   233P    713
126,4,2,0,0,0,0,2.87769887068862,2.87769887068862,                   235P    714
2.87769887068862,4.44849519748352,4.44849519748352,                  235P    715
6.01929152427841,6.01929152427841,6.01929152427841,1.,               235P    716
0.70710678118655,1.,0.70710678118655,1.,-1.61025657357406,           235P    717
0.43508363249095,2.651827230801,-2.04534020606502,                   235P    718
-1.17517294108311,2.651827230801,-0.43508363249095,                  235P    719
-1.61025657357406,2.651827230801,1.17517294108311,                   235P    720
-2.04534020606501,2.651827230801,1.61025657357406,                   235P    721
-0.43508363249095,2.651827230801,2.87769887068862,                   235P    722
6.01929152427841;                                                    235P    723
126,4,2,0,0,0,0,0.26389378290158,0.26389378290158,                   237P    724
0.26389378290158,1.70274321824568,1.70274321824568,                  237P    725
3.14159265358978,3.14159265358978,3.14159265358978,1.,               237P    726
0.75218493706412,1.,0.75218493706412,1.,4.00482825673845,            237P    727
-5.20506012451671,6.60697989934,4.22849506134984,                    237P    728
-6.03285716287737,6.60697989934,5.07852316225241,                    237P    729
-5.9200431394596,6.60697989934,5.92855126315499,                     237P    730
-5.80722911604183,6.60697989934,5.928551263155,                      237P    731
-4.94974746830601,6.60697989934,0.26389378290158,                    237P    732
3.14159265358978;                                                    237P    733
126,4,2,0,0,0,0,0.,0.,0.,1.57079632679489,1.57079632679489,          239P    734
3.14159265358978,3.14159265358978,3.14159265358978,1.,               239P    735
0.70710678118655,1.,0.70710678118655,1.,4.1708218388608,             239P    736
-4.949747468306,6.8,4.1708218388608,-5.72867309775119,6.8,           239P    737
4.94974746830599,-5.7286730977512,6.8,5.72867309775119,              239P    738
-5.72867309775121,6.8,5.7286730977512,-4.94974746830601,6.8,0.,      239P    739
3.14159265358978;                                                    239P    740
126,1,1,0,0,1,0,-0.00000000034545,-0.00000000034545,                 241P    741
0.99999999977597,0.99999999977597,1.,1.,-4.26160632214603,           241P    742
5.86790699030416,6.606979899348,-5.4976078900681,                    241P    743
5.66190672898315,6.606979899354,-0.00000000034545,                   241P    744
0.99999999977597;                                                    241P    745
126,1,1,0,0,1,0,0.00000000002982,0.00000000002982,1.,1.,1.,1.,       243P    746
-5.66190672918855,5.49760788883855,6.6069798993299,                  243P    747
-5.680325512333,5.516026672449,6.,0.00000000002982,1.;               243P    748
126,1,1,0,0,1,0,-0.00000000032354,-0.00000000032354,                 245P    749
0.99999999977371,0.99999999977371,1.,1.,-5.66190672912135,           245P    750
5.49760788923789,6.606979899348,-5.86790699044338,                   245P    751
4.2616063213087,6.606979899355,-0.00000000032354,                    245P    752
0.99999999977371;                                                    245P    753
126,1,1,0,0,1,0,-0.00000000003948,-0.00000000003948,1.,1.,1.,1.,     247P    754
-5.86790699048898,4.26160632103002,6.60697989937896,                 247P    755
-5.893693286799,4.23582002565,6.,-0.00000000003948,1.;               247P    756
126,2,2,0,0,0,0,0.,0.,0.,1.53588974163161,1.53588974163161,          249P    757
1.53588974163161,1.,0.71933980038151,1.,-5.670748382443,             249P    758
4.228746554169,6.8,-5.861258290376,4.26049820549118,6.8,             249P    759
-5.86790699030319,4.26160632214571,6.60697989936516,0.,              249P    760
1.53588974163161;                                                    249P    761
126,2,2,0,0,0,0,0.,0.,0.,1.53588974175751,1.53588974175751,          251P    762
1.53588974175751,1.,0.71933980033778,1.,-5.670748382443,             251P    763
4.228746554169,6.8,-5.63899673111682,4.038236646212,6.8,             251P    764
-5.63788861446615,4.03158794630794,6.60697989934,0.,                 251P    765
1.53588974175751;                                                    251P    766
126,1,1,0,0,1,0,-0.00000000034545,-0.00000000034545,                 253P    767
0.99999999977597,0.99999999977597,1.,1.,-5.63788861446597,           253P    768
4.03158794630784,6.606979899348,-4.4018870465439,                    253P    769
4.23758820762885,6.606979899354,-0.00000000034545,                   253P    770
0.99999999977597;                                                    253P    771
126,2,2,0,0,0,0,0.0000000042098,0.0000000042098,0.0000000042098,     255P    772
1.23962886001736,1.23962886001736,1.23962886001736,1.,               255P    773
0.81398626656086,1.,-4.40188704654403,4.23758820762906,              255P    774
6.60697989936147,-4.26116733524846,4.26116733597974,                 255P    775
6.61053452613711,-4.23758820748998,4.40188704737401,                 255P    776
6.6069798993405,0.0000000042098,1.23962886001736;                    255P    777
126,1,1,0,0,1,0,0.00000000002977,0.00000000002977,1.,1.,1.,1.,       257P    778
-4.23758820742245,4.40188704777345,6.60697989932993,                 257P    779
-4.219169424279,4.383468264163,6.,0.00000000002977,1.;               257P    780
126,1,1,0,0,1,0,-0.00000000032367,-0.00000000032367,                 259P    781
0.99999999932186,0.99999999932186,1.,1.,-4.23758820748968,           259P    782
4.40188704737395,6.606979899348,-4.0315879462617,                    259P    783
5.63788861474482,6.606979899355,-0.00000000032367,                   259P    784
0.99999999932186;                                                    259P    785
126,1,1,0,0,1,0,-0.00000000007261,-0.00000000007261,1.,1.,1.,1.,     261P    786
-4.03158794612387,5.63788861558113,6.60697989939907,                 261P    787
-4.005801649812,5.663674910962,6.,-0.00000000007261,1.;              261P    788
126,4,2,0,0,0,0,0.00000000141487,0.00000000141487,                   263P    789
0.00000000141487,0.94969450777446,0.94969450777446,                  263P    790
1.89938901413404,1.89938901413404,1.89938901413404,1.,               263P    791
0.88936256824216,1.,0.88936256824216,1.,-4.03158794626197,           263P    792
5.63788861474503,6.6069798993543,-4.0148779993941,                   263P    793
5.73921344324666,6.61199436477194,-4.08757974653121,                 263P    794
5.81191519028102,6.61199436476758,-4.16028149366832,                 263P    795
5.88461693731538,6.61199436476321,-4.26160632214603,                 263P    796
5.86790699030401,6.60697989934049,0.00000000141487,                  263P    797
1.89938901413404;                                                    263P    798
126,1,1,0,0,1,0,0.00000000004786,0.00000000004786,1.,1.,1.,1.,       265P    799
-4.26160632257177,5.86790699023423,6.60697989931895,                 265P    800
-4.23582002565,5.893693286799,6.,0.00000000004786,1.;                265P    801
126,1,1,0,0,1,0,0.,0.,1.,1.,1.,1.,1.2,-6.220317345932,6.,1.2,        267P    802
-6.25,5.15,0.,1.;                                                    267P    803
126,18,3,0,0,1,0,0.00000000000002,0.00000000000002,                  269P    804
0.00000000000002,0.00000000000002,0.05994010691658,                  269P    805
0.05994010691658,0.05994010691658,0.3333333333333,                   269P    806
0.3333333333333,0.3333333333333,0.42528927967801,                    269P    807
0.42528927967801,0.42528927967801,0.6666666666667,                   269P    808
0.6666666666667,0.6666666666667,0.79171666501254,                    269P    809
0.79171666501254,0.79171666501254,1.,1.,1.,1.,1.,1.,1.,1.,1.,1.,     269P    810
1.,1.,1.,1.,1.,1.,1.,1.,1.,1.,1.,1.,1.,-4.535741426034,              269P    811
-6.22031734593631,6.00000000000012,-4.53621654991356,                269P    812
-6.22086033604803,5.98445079755209,-4.53669447838111,                269P    813
-6.22140630434881,5.96881631094689,-4.537175119734,                  269P    814
-6.22195513878519,5.9530997490204,-4.53936737625432,                 269P    815
-6.22445843123909,5.88141483228775,-4.5416160816982,                 269P    816
-6.2270213498678,5.80802244591856,-4.54391245527883,                 269P    817
-6.22963326202659,5.73322706741234,-4.54468484166359,                269P    818
-6.23051177996751,5.70806960501688,-4.54546263019736,                269P    819
-6.23139584062104,5.68275342006633,-4.54624691047097,                269P    820
-6.23228665767093,5.65724375742063,-4.5483055867245,                 269P    821
-6.2346249848845,5.5902828271367,-4.55040896230543,                  269P    822
-6.23700986521521,5.52198879076709,-4.55257702716992,                269P    823
-6.23946324925453,5.45173306365512,-4.55370023308038,                269P    824
-6.24073427001537,5.41533579103261,-4.55484079054252,                269P    825
-6.24202367683456,5.37841201037442,-4.55599790885245,                269P    826
-6.243330452199,5.34099086010598,-4.55792520564376,                  269P    827
-6.24550701784941,5.2786621749394,-4.55989844818243,                 269P    828
-6.24773176773946,5.21495367467522,-4.561913954737,                  269P    829
-6.25000000003305,5.15000000000077,0.00000000000002,1.;              269P    830
126,1,1,0,0,1,0,0.,0.,1.,1.,1.,1.,-1.2,-6.220317345932,6.,-1.2,      271P    831
-6.25,5.15,0.,1.;                                                    271P    832
126,1,1,0,0,1,0,0.,0.,1.,1.,1.,1.,1.2,-5.95,5.15,1.2,-5.95,6.,       273P    833
0.,1.;                                                               273P    834
126,1,1,0,0,1,0,0.,0.,1.,1.,1.,1.,-1.2,-5.95,5.15,-1.2,-5.95,6.,     275P    835
0.,1.;                                                               275P    836
126,18,3,0,0,1,0,0.00000000000001,0.00000000000001,                  277P    837
0.00000000000001,0.00000000000001,0.05994011606696,                  277P    838
0.05994011606696,0.05994011606696,0.3333333333333,                   277P    839
0.3333333333333,0.3333333333333,0.42528928317697,                    277P    840
0.42528928317697,0.42528928317697,0.6666666666667,                   277P    841
0.6666666666667,0.6666666666667,0.79171665801257,                    277P    842
0.79171665801257,0.79171665801257,0.99999999999999,                  277P    843
0.99999999999999,0.99999999999999,0.99999999999999,1.,1.,1.,1.,      277P    844
1.,1.,1.,1.,1.,1.,1.,1.,1.,1.,1.,1.,1.,1.,1.,-4.73385117442797,      277P    845
-6.04696857164419,5.99999999999979,-4.73433358610631,                277P    846
-6.04745713943245,5.98445079850863,-4.7348188253903,                 277P    847
-6.04794833522136,5.96881631177526,-4.73530679894066,                277P    848
-6.04844205662724,5.95309974890124,-4.73753249798206,                277P    849
-6.05069397224642,5.8814148411894,-4.73981508784023,                 277P    850
-6.05299842780233,5.80802244735594,-4.74214565314003,                277P    851
-6.05534572442358,5.73322707048198,-4.74292953998242,                277P    852
-6.05613523885459,5.70806960683627,-4.74371885333682,                277P    853
-6.05692959706863,5.68275342130652,-4.74451469892139,                277P    854
-6.05772988320512,5.65724375828756,-4.74660373312954,                277P    855
-6.05983057352474,5.59028283054238,-4.7487377546331,                 277P    856
-6.06197211469606,5.52198879848281,-4.75093696097925,                277P    857
-6.06417405744063,5.45173306714238,-4.75207630026024,                277P    858
-6.06531481436314,5.41533579383905,-4.75323314113055,                277P    859
-6.06647178663686,5.37841201081664,-4.75440666385552,                277P    860
-6.06764403196798,5.34099085941388,-4.75636128402321,                277P    861
-6.06959652450769,5.27866216677427,-4.7583621851105,                 277P    862
-6.07159138750142,5.21495366218804,-4.76040555756555,                277P    863
-6.07362427247286,5.14999999999747,0.00000000000001,                 277P    864
0.99999999999999;                                                    277P    865
126,15,3,0,0,1,0,0.00000000000001,0.00000000000001,                  279P    866
0.00000000000001,0.00000000000001,0.30940641967595,                  279P    867
0.30940641967595,0.30940641967595,0.3333333333333,                   279P    868
0.3333333333333,0.3333333333333,0.6666666666667,0.6666666666667,     279P    869
0.6666666666667,0.68249958433367,0.68249958433367,                   279P    870
0.68249958433367,1.00000000000002,1.00000000000002,                  279P    871
1.00000000000002,1.00000000000002,1.,1.,1.,1.,1.,1.,1.,1.,1.,1.,     279P    872
1.,1.,1.,1.,1.,1.,-6.25000000000592,-4.561913954737,                 279P    873
5.15000000000014,-6.24718982165835,-4.55941688556611,                279P    874
5.23047297937565,-6.24430259909708,-4.55685695240201,                279P    875
5.31315221527144,-6.24135497834316,-4.55424956569162,                279P    876
5.39756102979571,-6.24112703392187,-4.55404793213548,                279P    877
5.4040885039805,-6.24089872830862,-4.55384601463504,                 279P    878
5.41062632136326,-6.24067006920137,-4.55364382023525,                279P    879
5.41717426149828,-6.23748454751192,-4.55082698668,                   279P    880
5.5083956677746,-6.23423041906603,-4.547956448828,                   279P    881
5.60158171397742,-6.23084523737458,-4.544978362574,                  279P    882
5.69852063411953,-6.23068444546556,-4.54483690719061,                279P    883
5.70312511194354,-6.23052335788345,-4.54469520908456,                279P    884
5.70773805674247,-6.23036197685872,-4.54455327041649,                279P    885
5.71235940464577,-6.22712577343065,-4.54170694814938,                279P    886
5.80503214577281,-6.22377156776052,-4.53876391787857,                279P    887
5.90108402979912,-6.22031734593999,-4.535741426034,                  279P    888
6.00000000000017,0.00000000000001,1.00000000000002;                  279P    889
126,1,1,0,0,1,0,0.,0.,1.,1.,1.,1.,-6.25,6.050121834596,5.15,         281P    890
-6.220317345932,6.020439180528,6.,0.,1.;                             281P    891
126,1,1,0,0,1,0,0.,0.,1.,1.,1.,1.,-6.220317345932,1.2,6.,-6.25,      283P    892
1.2,5.15,0.,1.;                                                      283P    893
126,1,1,0,0,1,0,0.,0.,1.,1.,1.,1.,-6.050121834596,6.25,5.15,         285P    894
-6.020439180528,6.220317345932,6.,0.,1.;                             285P    895
126,1,1,0,0,1,0,0.,0.,1.,1.,1.,1.,-1.2,6.220317345932,6.,-1.2,       287P    896
6.25,5.15,0.,1.;                                                     287P    897
126,18,3,0,0,1,0,0.00000000000001,0.00000000000001,                  289P    898
0.00000000000001,0.00000000000001,0.05994010690688,                  289P    899
0.05994010690688,0.05994010690688,0.3333333333333,                   289P    900
0.3333333333333,0.3333333333333,0.4252892796691,0.4252892796691,     289P    901
0.4252892796691,0.6666666666667,0.6666666666667,0.6666666666667,     289P    902
0.79171666500371,0.79171666500371,0.79171666500371,1.,1.,1.,1.,      289P    903
1.,1.,1.,1.,1.,1.,1.,1.,1.,1.,1.,1.,1.,1.,1.,1.,1.,1.,1.,            289P    904
4.535741426034,6.22031734593633,6.00000000000012,                    289P    905
4.53621654991348,6.22086033604802,5.98445079755461,                  289P    906
4.53669447838093,6.22140630434874,5.96881631095188,                  289P    907
4.53717511973373,6.22195513878503,5.95309974902793,                  289P    908
4.53936737625405,6.22445843123906,5.88141483229273,                  289P    909
4.54161608169812,6.22702134986765,5.80802244592176,                  289P    910
4.54391245527883,6.22963326202642,5.73322706741308,                  289P    911
4.54468484166351,6.23051177996721,5.70806960502013,                  289P    912
4.54546263019721,6.23139584062063,5.68275342007208,                  289P    913
4.54624691047075,6.23228665767042,5.65724375742892,                  289P    914
4.54830558672435,6.23462498488403,5.59028282714268,                  289P    915
4.55040896230535,6.23700986521494,5.52198879077061,                  289P    916
4.55257702716992,6.23946324925446,5.45173306365587,                  289P    917
4.5537002330803,6.24073427001526,5.41533579103583,                   289P    918
4.55484079054234,6.24202367683442,5.37841201038009,                  289P    919
4.55599790885218,6.2433304521988,5.34099086011421,                   289P    920
4.55792520564358,6.24550701784936,5.27866217494488,                  289P    921
4.55989844818235,6.24773176773947,5.21495367467798,                  289P    922
4.561913954737,6.25000000003305,5.15000000000077,                    289P    923
0.00000000000001,1.;                                                 289P    924
126,1,1,0,0,1,0,0.,0.,1.,1.,1.,1.,1.2,6.220317345932,6.,1.2,         291P    925
6.25,5.15,0.,1.;                                                     291P    926
126,1,1,0,0,1,0,0.,0.,1.,1.,1.,1.,-1.2,5.95,5.15,-1.2,5.95,6.,       293P    927
0.,1.;                                                               293P    928
126,1,1,0,0,1,0,0.,0.,1.,1.,1.,1.,1.2,5.95,5.15,1.2,5.95,6.,0.,      295P    929
1.;                                                                  295P    930
126,18,3,0,0,1,0,0.00000000000001,0.00000000000001,                  297P    931
0.00000000000001,0.00000000000001,0.05994011605583,                  297P    932
0.05994011605583,0.05994011605583,0.3333333333333,                   297P    933
0.3333333333333,0.3333333333333,0.42528928316788,                    297P    934
0.42528928316788,0.42528928316788,0.6666666666667,                   297P    935
0.6666666666667,0.6666666666667,0.79171665800469,                    297P    936
0.79171665800469,0.79171665800469,0.99999999999999,                  297P    937
0.99999999999999,0.99999999999999,0.99999999999999,1.,1.,1.,1.,      297P    938
1.,1.,1.,1.,1.,1.,1.,1.,1.,1.,1.,1.,1.,1.,1.,4.733851174428,         297P    939
6.0469685716442,5.99999999999979,4.73433358610634,                   297P    940
6.04745713943238,5.98445079851152,4.73481882539026,                  297P    941
6.04794833522117,5.96881631178063,4.73530679894055,                  297P    942
6.04844205662695,5.9530997489093,4.73753249798215,                   297P    943
6.05069397224618,5.8814148411935,4.73981508784035,                   297P    944
6.05299842780227,5.80802244735954,4.74214565314018,                  297P    945
6.05534572442361,5.73322707048273,4.74292953998248,                  297P    946
6.05613523885454,5.70806960683958,4.74371885333678,                  297P    947
6.05692959706849,5.68275342131241,4.74451469892123,                  297P    948
6.05772988320489,5.65724375829604,4.74660373312936,                  297P    949
6.05983057352458,5.59028283054852,4.74873775463279,                  297P    950
6.06197211469595,5.52198879848637,4.75093696097894,                  297P    951
6.0641740574406,5.45173306714311,4.75207630025982,                   297P    952
6.06531481436303,5.41533579384198,4.75323314113004,                  297P    953
6.06647178663666,5.37841201082177,4.75440666385498,                  297P    954
6.06764403196771,5.34099085942131,4.75636128402282,                  297P    955
6.0695965245075,5.27866216677922,4.75836218511045,                   297P    956
6.07159138750135,5.2149536621905,4.76040555756553,                   297P    957
6.07362427247285,5.14999999999747,0.00000000000001,                  297P    958
0.99999999999999;                                                    297P    959
126,15,3,0,0,1,0,0.00000000000001,0.00000000000001,                  299P    960
0.00000000000001,0.00000000000001,0.30940641968713,                  299P    961
0.30940641968713,0.30940641968713,0.3333333333333,                   299P    962
0.3333333333333,0.3333333333333,0.6666666666667,0.6666666666667,     299P    963
0.6666666666667,0.6824995843445,0.6824995843445,0.6824995843445,     299P    964
1.00000000000002,1.00000000000002,1.00000000000002,                  299P    965
1.00000000000002,1.,1.,1.,1.,1.,1.,1.,1.,1.,1.,1.,1.,1.,1.,1.,       299P    966
1.,6.25000000000594,4.561913954737,5.15000000000014,                 299P    967
6.24718982165833,4.55941688556602,5.23047297937949,                  299P    968
6.24430259909701,4.55685695240182,5.31315221527798,                  299P    969
6.24135497834298,4.55424956569134,5.39756102980517,                  299P    970
6.24112703392181,4.5540479321353,5.4040885039869,                    299P    971
6.24089872830867,4.55384601463495,5.41062632136658,                  299P    972
6.24067006920152,4.55364382023525,5.41717426149853,                  299P    973
6.23748454751207,4.55082698668,5.5083956677746,6.23423041906614,     299P    974
4.547956448828,5.60158171397742,6.23084523737467,4.544978362574,     299P    975
5.69852063411953,6.23068444546554,4.54483690719051,                  299P    976
5.70312511194669,6.23052335788332,4.54469520908436,                  299P    977
5.70773805674879,6.23036197685848,4.5445532704162,                   299P    978
5.71235940465526,6.2271257734305,4.54170694814919,                   299P    979
5.80503214577937,6.22377156776051,4.53876391787847,                  299P    980
5.9010840298025,6.22031734594,4.535741426034,6.00000000000017,       299P    981
0.00000000000001,1.00000000000002;                                   299P    982
126,1,1,0,0,1,0,0.,0.,1.,1.,1.,1.,-5.95,1.2,5.15,-5.95,1.2,6.,       301P    983
0.,1.;                                                               301P    984
126,1,1,0,0,1,0,0.,0.,1.,1.,1.,1.,-5.95,-1.2,5.15,-5.95,-1.2,6.,     303P    985
0.,1.;                                                               303P    986
504,150,3,5,78,5,77,7,5,54,5,52,9,5,28,5,29,11,5,2,5,90,13,5,3,      305P    987
5,19,15,5,6,5,10,17,5,8,5,3,19,5,89,5,88,21,5,12,5,6,23,5,91,5,      305P    988
87,25,5,8,5,25,27,5,61,5,11,29,5,14,5,12,31,5,26,5,16,33,5,14,5,     305P    989
10,35,5,14,5,73,37,5,22,5,17,39,5,23,5,28,41,5,86,5,87,43,5,25,      305P    990
5,11,45,5,19,5,25,47,5,76,5,20,49,5,23,5,18,51,5,27,5,28,53,5,       305P    991
24,5,93,55,5,35,5,33,57,5,13,5,29,59,5,80,5,1,61,5,37,5,35,63,5,     305P    992
18,5,13,65,5,56,5,73,67,5,29,5,22,69,5,27,5,17,71,5,32,5,34,73,      305P    993
5,36,5,32,75,5,38,5,36,77,5,34,5,38,79,5,39,5,41,81,5,62,5,95,       305P    994
83,5,43,5,39,85,5,45,5,43,87,5,92,5,24,89,5,41,5,45,91,5,46,5,       305P    995
47,93,5,49,5,46,95,5,51,5,49,97,5,6,5,75,99,5,47,5,51,101,5,20,      305P    996
5,77,103,5,52,5,53,105,5,57,5,62,107,5,65,5,64,109,5,79,5,78,        305P    997
111,5,55,5,54,113,5,79,5,40,115,5,53,5,55,117,5,52,5,54,119,5,       305P    998
62,5,48,121,5,55,5,53,123,5,56,5,58,125,5,58,5,21,127,5,21,5,16,     305P    999
129,5,59,5,26,131,5,59,5,61,133,5,8,5,63,135,5,64,5,63,137,5,64,     305P   1000
5,66,139,5,92,5,60,141,5,68,5,66,143,5,69,5,68,145,5,5,5,69,147,     305P   1001
5,5,5,70,149,5,70,5,31,151,5,31,5,33,153,5,37,5,71,155,5,71,5,       305P   1002
72,157,5,39,5,43,159,5,24,5,94,161,5,10,5,72,163,5,42,5,44,165,      305P   1003
5,58,5,42,167,5,56,5,44,169,5,44,5,74,171,5,74,5,12,173,5,75,5,      305P   1004
9,175,5,76,5,9,177,5,40,5,4,179,5,62,5,92,181,5,4,5,81,183,5,48,     305P   1005
5,50,185,5,81,5,15,187,5,24,5,57,189,5,65,5,15,191,5,65,5,82,        305P   1006
193,5,82,5,3,195,5,19,5,83,197,5,83,5,30,199,5,84,5,30,201,5,84,     305P   1007
5,85,203,5,92,5,96,205,5,85,5,7,207,5,67,5,7,209,5,93,5,94,211,      305P   1008
5,42,5,67,213,5,17,5,27,215,5,86,5,88,217,5,93,5,87,219,5,89,5,      305P   1009
50,221,5,2,5,50,223,5,91,5,90,225,5,46,5,49,227,5,1,5,2,229,5,       305P   1010
51,5,47,231,5,45,5,41,233,5,32,5,36,235,5,38,5,34,237,5,22,5,23,     305P   1011
239,5,13,5,18,241,5,60,5,93,243,5,94,5,91,245,5,94,5,80,247,5,       305P   1012
80,5,90,249,5,57,5,80,251,5,57,5,1,253,5,1,5,48,255,5,48,5,95,       305P   1013
257,5,95,5,89,259,5,95,5,96,261,5,96,5,88,263,5,96,5,60,265,5,       305P   1014
60,5,86,267,5,67,5,21,269,5,30,5,61,271,5,84,5,59,273,5,16,5,7,      305P   1015
275,5,26,5,85,277,5,83,5,11,279,5,63,5,82,281,5,5,5,40,283,5,4,      305P   1016
5,69,285,5,70,5,79,287,5,78,5,31,289,5,9,5,71,291,5,76,5,37,293,     305P   1017
5,33,5,77,295,5,35,5,20,297,5,75,5,72,299,5,73,5,74,301,5,68,5,      305P   1018
81,303,5,66,5,15;                                                    305P   1019
508,4,0,305,6,0,0,0,305,9,0,0,0,305,13,0,0,0,305,15,1,0;             307P   1020
510,1,1,1,307;                                                       309P   1021
128,1,8,1,2,0,1,0,0,1,-0.51307925639802,-0.51307925639802,           311P   1022
0.04377978265338,0.04377978265338,0.,0.,0.,2.39915424468236,         311P   1023
2.39915424468236,4.79830848936472,4.79830848936472,                  311P   1024
7.19746273404708,7.19746273404708,9.59661697872943,                  311P   1025
9.59661697872943,9.59661697872943,1.,1.,0.70710678118655,            311P   1026
0.70710678118655,1.,1.,0.70710678118655,0.70710678118655,1.,1.,      311P   1027
0.70710678118655,0.70710678118655,1.,1.,0.70710678118655,            311P   1028
0.70710678118655,1.,1.,-6.59197135923108,-7.71049840447196,          311P   1029
5.14999999999971,-6.59873843760264,-7.73939938374348,6.,             311P   1030
-8.05246976370305,-7.36852704524088,5.14999999999971,                311P   1031
-8.08813782134612,-7.39066094614085,6.,-7.71049840447196,            311P   1032
-5.90802864076892,5.14999999999971,-7.73939938374348,                311P   1033
-5.90126156239736,6.,-7.36852704524088,-4.44753023629695,            311P   1034
5.14999999999971,-7.39066094614085,-4.41186217865388,6.,             311P   1035
-5.90802864076892,-4.78950159552804,5.14999999999971,                311P   1036
-5.90126156239736,-4.76060061625652,6.,-4.44753023629695,            311P   1037
-5.13147295475912,5.14999999999971,-4.41186217865388,                311P   1038
-5.10933905385915,6.,-4.78950159552804,-6.59197135923108,            311P   1039
5.14999999999971,-4.76060061625652,-6.59873843760264,6.,             311P   1040
-5.13147295475912,-8.05246976370305,5.14999999999971,                311P   1041
-5.10933905385915,-8.08813782134612,6.,-6.59197135923108,            311P   1042
-7.71049840447196,5.14999999999971,-6.59873843760264,                311P   1043
-7.73939938374348,6.,-0.51307925639802,0.04377978265338,0.,          311P   1044
9.59661697872943;                                                    311P   1045
508,4,0,305,21,0,0,0,305,5,0,0,0,305,7,0,0,0,305,11,1,0;             313P   1046
510,311,1,1,313;                                                     315P   1047
128,4,8,2,2,0,1,0,0,1,0.03490658503737,0.03490658503737,             317P   1048
0.03490658503737,1.5707963267949,1.5707963267949,                    317P   1049
3.10668606855243,3.10668606855243,3.10668606855243,0.,0.,0.,         317P   1050
1.5707963267949,1.5707963267949,3.14159265358979,                    317P   1051
3.14159265358979,4.71238898038469,4.71238898038469,                  317P   1052
6.28318530717959,6.28318530717959,6.28318530717959,1.,               317P   1053
0.71933980033776,1.,0.71933980033776,1.,0.70710678118655,            317P   1054
0.50865005079621,0.70710678118655,0.50865005079621,                  317P   1055
0.70710678118655,1.,0.71933980033776,1.,0.71933980033776,1.,         317P   1056
0.70710678118655,0.50865005079621,0.70710678118655,                  317P   1057
0.50865005079621,0.70710678118655,1.,0.71933980033776,1.,            317P   1058
0.71933980033776,1.,0.70710678118655,0.50865005079621,               317P   1059
0.70710678118655,0.50865005079621,0.70710678118655,1.,               317P   1060
0.71933980033776,1.,0.71933980033776,1.,0.70710678118655,            317P   1061
0.50865005079621,0.70710678118655,0.50865005079621,                  317P   1062
0.70710678118655,1.,0.71933980033776,1.,0.71933980033776,1.,         317P   1063
3.97094367345706,-4.94974746830601,6.60697989934,                    317P   1064
3.97768408389899,-4.94974746830601,6.79999999999999,                 317P   1065
4.17082183886089,-4.94974746830601,6.79999999999999,                 317P   1066
4.36395959382279,-4.94974746830601,6.79999999999999,                 317P   1067
4.37070000426472,-4.94974746830601,6.60697989934,                    317P   1068
3.97094367345706,-3.97094367345707,6.60697989933999,                 317P   1069
3.97768408389899,-3.977684083899,6.79999999999999,                   317P   1070
4.17082183886089,-4.1708218388609,6.79999999999999,                  317P   1071
4.36395959382279,-4.3639595938228,6.79999999999999,                  317P   1072
4.37070000426472,-4.37070000426473,6.60697989933999,                 317P   1073
4.949747468306,-3.97094367345707,6.60697989933999,                   317P   1074
4.949747468306,-3.977684083899,6.79999999999999,4.949747468306,      317P   1075
-4.1708218388609,6.79999999999999,4.949747468306,                    317P   1076
-4.3639595938228,6.79999999999999,4.949747468306,                    317P   1077
-4.37070000426473,6.60697989933999,5.92855126315494,                 317P   1078
-3.97094367345707,6.60697989933999,5.92181085271301,                 317P   1079
-3.977684083899,6.79999999999999,5.72867309775111,                   317P   1080
-4.1708218388609,6.79999999999999,5.53553534278921,                  317P   1081
-4.3639595938228,6.79999999999999,5.52879493234728,                  317P   1082
-4.37070000426473,6.60697989934,5.92855126315494,                    317P   1083
-4.94974746830601,6.60697989934,5.92181085271301,                    317P   1084
-4.94974746830601,6.8,5.72867309775111,-4.94974746830601,6.8,        317P   1085
5.53553534278921,-4.94974746830601,6.8,5.52879493234728,             317P   1086
-4.94974746830601,6.60697989934,5.92855126315494,                    317P   1087
-5.92855126315495,6.60697989934,5.92181085271301,                    317P   1088
-5.92181085271302,6.8,5.72867309775111,-5.72867309775112,6.8,        317P   1089
5.53553534278921,-5.53553534278922,6.8,5.52879493234728,             317P   1090
-5.52879493234729,6.60697989934,4.949747468306,                      317P   1091
-5.92855126315495,6.60697989934,4.949747468306,                      317P   1092
-5.92181085271302,6.8,4.949747468306,-5.72867309775112,6.8,          317P   1093
4.949747468306,-5.53553534278922,6.8,4.949747468306,                 317P   1094
-5.52879493234729,6.60697989934,3.97094367345706,                    317P   1095
-5.92855126315495,6.60697989934,3.97768408389899,                    317P   1096
-5.92181085271302,6.8,4.17082183886089,-5.72867309775112,6.8,        317P   1097
4.36395959382279,-5.53553534278922,6.8,4.37070000426472,             317P   1098
-5.52879493234729,6.60697989934,3.97094367345706,                    317P   1099
-4.94974746830601,6.60697989934,3.97768408389899,                    317P   1100
-4.94974746830601,6.79999999999999,4.17082183886089,                 317P   1101
-4.94974746830601,6.79999999999999,4.36395959382279,                 317P   1102
-4.94974746830601,6.79999999999999,4.37070000426472,                 317P   1103
-4.94974746830601,6.60697989934,0.03490658503737,                    317P   1104
3.10668606855243,0.,6.28318530717959;                                317P   1105
508,5,0,305,23,0,0,0,305,18,1,0,0,305,3,1,0,0,305,27,0,0,0,305,      319P   1106
30,0,0;                                                              319P   1107
510,317,1,1,319;                                                     321P   1108
128,1,8,1,2,0,1,0,0,1,-0.56563965877377,-0.56563965877377,           323P   1109
0.04261346545938,0.04261346545938,0.,0.,0.,1.56846372558401,         323P   1110
1.56846372558401,3.13692745116802,3.13692745116802,                  323P   1111
4.70539117675203,4.70539117675203,6.27385490233603,                  323P   1112
6.27385490233603,6.27385490233603,1.,1.,0.70710678118655,            323P   1113
0.70710678118655,1.,1.,0.70710678118655,0.70710678118655,1.,1.,      323P   1114
0.70710678118655,0.70710678118655,1.,1.,0.70710678118655,            323P   1115
0.70710678118655,1.,1.,5.8946666798734,-4.69443481209532,            323P   1116
6.60697989934,5.91512910713941,-4.68890596201603,6.,                 323P   1117
5.63935402366272,-3.74951560052792,6.60697989934,                    323P   1118
5.65428760084944,-3.72352432318262,6.,4.69443481209532,              323P   1119
-4.0048282567386,6.60697989934,4.68890596201603,                     323P   1120
-3.98436582947259,6.,3.74951560052792,-4.26014091294928,             323P   1121
6.60697989934,3.72352432318262,-4.24520733576256,6.,                 323P   1122
4.0048282567386,-5.20506012451668,6.60697989934,                     323P   1123
3.98436582947259,-5.21058897459597,6.,4.26014091294928,              323P   1124
-6.14997933608408,6.60697989934,4.24520733576256,                    323P   1125
-6.17597061342939,6.,5.20506012451668,-5.8946666798734,              323P   1126
6.60697989934,5.21058897459597,-5.91512910713941,6.,                 323P   1127
6.14997933608408,-5.63935402366272,6.60697989934,                    323P   1128
6.17597061342939,-5.65428760084944,6.,5.8946666798734,               323P   1129
-4.69443481209532,6.60697989934,5.91512910713941,                    323P   1130
-4.68890596201603,6.,-0.56563965877377,0.04261346545938,0.,          323P   1131
6.27385490233603;                                                    323P   1132
508,5,0,305,17,0,0,0,305,32,0,0,0,305,3,0,0,0,305,24,0,0,0,305,      325P   1133
33,1,0;                                                              325P   1134
510,323,1,1,325;                                                     327P   1135
128,1,8,1,2,0,1,0,0,1,-1.23470972686964,-1.23470972686964,           329P   1136
0.11322665617581,0.11322665617581,0.,0.,0.,2.73807392679211,         329P   1137
2.73807392679211,5.47614785358421,5.47614785358421,                  329P   1138
8.21422178037632,8.21422178037632,10.95229570716842,                 329P   1139
10.95229570716842,10.95229570716842,1.,1.,0.70710678118655,          329P   1140
0.70710678118655,1.,1.,0.70710678118655,0.70710678118655,1.,1.,      329P   1141
0.70710678118655,0.70710678118655,1.,1.,0.70710678118655,            329P   1142
0.70710678118655,1.,1.,-1.61025657357407,0.43508363249095,           329P   1143
2.651827230801,-1.6894178679584,0.4564726360067,5.,                  329P   1144
-1.17517294108311,2.04534020606502,2.651827230801,                   329P   1145
-1.2329452319517,2.14589050396509,5.,0.43508363249095,               329P   1146
1.61025657357407,2.651827230801,0.4564726360067,1.6894178679584,     329P   1147
5.,2.04534020606502,1.17517294108311,2.651827230801,                 329P   1148
2.14589050396509,1.2329452319517,5.,1.61025657357407,                329P   1149
-0.43508363249095,2.651827230801,1.6894178679584,                    329P   1150
-0.4564726360067,5.,1.17517294108311,-2.04534020606502,              329P   1151
2.651827230801,1.2329452319517,-2.14589050396509,5.,                 329P   1152
-0.43508363249095,-1.61025657357407,2.651827230801,                  329P   1153
-0.4564726360067,-1.6894178679584,5.,-2.04534020606502,              329P   1154
-1.17517294108311,2.651827230801,-2.14589050396509,                  329P   1155
-1.2329452319517,5.,-1.61025657357407,0.43508363249095,              329P   1156
2.651827230801,-1.6894178679584,0.4564726360067,5.,                  329P   1157
-1.23470972686964,0.11322665617581,0.,10.95229570716842;             329P   1158
508,4,0,305,34,0,0,0,305,35,0,0,0,305,36,0,0,0,305,37,0,0;           331P   1159
510,329,1,1,331;                                                     333P   1160
128,1,8,1,2,0,1,0,0,1,-0.20081619579762,-0.20081619579762,           335P   1161
2.18985280179207,2.18985280179207,0.,0.,0.,3.26752172835644,         335P   1162
3.26752172835644,6.53504345671287,6.53504345671287,                  335P   1163
9.80256518506931,9.80256518506931,13.07008691342574,                 335P   1164
13.07008691342574,13.07008691342574,1.,1.,0.70710678118655,          335P   1165
0.70710678118655,1.,1.,0.70710678118655,0.70710678118655,1.,1.,      335P   1166
0.70710678118655,0.70710678118655,1.,1.,0.70710678118655,            335P   1167
0.70710678118655,1.,1.,-1.78595603184199,0.48255678663572,           335P   1168
5.00000000000018,-4.43120445393055,1.19729027147953,                 335P   1169
0.84999999999982,-2.26851281847771,-1.30339924520627,                335P   1170
5.00000000000018,-5.62849472541008,-3.23391418245101,                335P   1171
0.84999999999982,-0.48255678663572,-1.78595603184199,                335P   1172
5.00000000000018,-1.19729027147953,-4.43120445393055,                335P   1173
0.84999999999982,1.30339924520627,-2.26851281847771,                 335P   1174
5.00000000000018,3.23391418245101,-5.62849472541008,                 335P   1175
0.84999999999982,1.78595603184199,-0.48255678663572,                 335P   1176
5.00000000000018,4.43120445393055,-1.19729027147953,                 335P   1177
0.84999999999982,2.26851281847771,1.30339924520627,                  335P   1178
5.00000000000018,5.62849472541008,3.23391418245102,                  335P   1179
0.84999999999982,0.48255678663572,1.78595603184199,                  335P   1180
5.00000000000018,1.19729027147953,4.43120445393055,                  335P   1181
0.84999999999983,-1.30339924520627,2.26851281847771,                 335P   1182
5.00000000000018,-3.23391418245102,5.62849472541008,                 335P   1183
0.84999999999983,-1.78595603184199,0.48255678663572,                 335P   1184
5.00000000000018,-4.43120445393055,1.19729027147953,                 335P   1185
0.84999999999982,-0.20081619579762,2.18985280179207,0.,              335P   1186
13.07008691342574;                                                   335P   1187
508,4,0,305,38,0,0,0,305,40,0,0,0,305,41,0,0,0,305,43,0,0;           337P   1188
510,335,1,1,337;                                                     339P   1189
128,1,8,1,2,0,1,0,0,1,-0.96832591813009,-0.96832591813009,           341P   1190
0.08879844664075,0.08879844664075,0.,0.,0.,7.65362489573929,         341P   1191
7.65362489573929,15.30724979147858,15.30724979147858,                341P   1192
22.96087468721787,22.96087468721787,30.61449958295715,               341P   1193
30.61449958295715,30.61449958295715,1.,1.,0.70710678118655,          341P   1194
0.70710678118655,1.,1.,0.70710678118655,0.70710678118655,1.,1.,      341P   1195
0.70710678118655,0.70710678118655,1.,1.,0.70710678118655,            341P   1196
0.70710678118655,1.,1.,-4.6242807816971,1.24945857273741,0.85,       341P   1197
-4.71106239750722,1.27290655069306,6.,-3.37482220895969,             341P   1198
5.87373935443451,0.85,-3.43815584681416,5.98396894820028,6.,         341P   1199
1.24945857273741,4.6242807816971,0.85,1.27290655069306,              341P   1200
4.71106239750722,6.,5.87373935443452,3.37482220895969,0.85,          341P   1201
5.98396894820028,3.43815584681416,6.,4.6242807816971,                341P   1202
-1.24945857273741,0.85,4.71106239750722,-1.27290655069306,6.,        341P   1203
3.37482220895969,-5.87373935443452,0.85,3.43815584681416,            341P   1204
-5.98396894820028,6.,-1.24945857273741,-4.6242807816971,0.85,        341P   1205
-1.27290655069306,-4.71106239750722,6.,-5.87373935443451,            341P   1206
-3.37482220895969,0.85,-5.98396894820027,-3.43815584681416,6.,       341P   1207
-4.6242807816971,1.24945857273741,0.85,-4.71106239750722,            341P   1208
1.27290655069306,6.,-0.96832591813009,0.08879844664075,0.,           341P   1209
30.61449958295715;                                                   341P   1210
508,4,0,305,44,0,0,0,305,45,0,0,0,305,46,0,0,0,305,48,0,0;           343P   1211
510,341,1,1,343;                                                     345P   1212
128,1,8,1,2,0,1,0,0,1,-0.81596586830367,-0.81596586830367,           347P   1213
0.07482656434225,0.07482656434225,0.,0.,0.,9.08688910745617,         347P   1214
9.08688910745617,18.17377821491234,18.17377821491234,                347P   1215
27.2606673223685,27.2606673223685,36.34755642982467,                 347P   1216
36.34755642982467,36.34755642982467,1.,1.,0.70710678118655,          347P   1217
0.70710678118655,1.,1.,0.70710678118655,0.70710678118655,1.,1.,      347P   1218
0.70710678118655,0.70710678118655,1.,1.,0.70710678118655,            347P   1219
0.70710678118655,1.,1.,-5.42559737637516,1.46597048798703,           347P   1220
-0.00000000000059,-5.59921350523388,1.51288073647942,5.15,           347P   1221
-3.95962688838813,6.89156786436219,-0.00000000000059,                347P   1222
-4.08633276875446,7.1120942417133,5.15,1.46597048798703,             347P   1223
5.42559737637516,-0.00000000000059,1.51288073647942,                 347P   1224
5.59921350523388,5.15,6.89156786436219,3.95962688838813,             347P   1225
-0.00000000000059,7.11209424171331,4.08633276875446,5.15,            347P   1226
5.42559737637516,-1.46597048798703,-0.00000000000059,                347P   1227
5.59921350523388,-1.51288073647942,5.15,3.95962688838813,            347P   1228
-6.89156786436219,-0.00000000000059,4.08633276875446,                347P   1229
-7.11209424171331,5.15,-1.46597048798703,-5.42559737637516,          347P   1230
-0.00000000000059,-1.51288073647942,-5.59921350523388,5.15,          347P   1231
-6.89156786436219,-3.95962688838813,-0.00000000000059,               347P   1232
-7.1120942417133,-4.08633276875446,5.15,-5.42559737637516,           347P   1233
1.46597048798703,-0.00000000000059,-5.59921350523388,                347P   1234
1.51288073647942,5.15,-0.81596586830367,0.07482656434225,0.,         347P   1235
36.34755642982467;                                                   347P   1236
508,4,0,305,50,0,0,0,305,2,0,0,0,305,54,0,0,0,305,56,0,0;            349P   1237
510,347,1,1,349;                                                     351P   1238
128,1,1,1,1,0,0,1,0,0,0.,0.,11.240316074234,11.240316074234,0.,      353P   1239
0.,11.240316074234,11.240316074234,1.,1.,1.,1.,5.620158037117,       353P   1240
5.620158037117,0.,5.620158037117,-5.620158037117,0.,                 353P   1241
-5.620158037117,5.620158037117,0.,-5.620158037117,                   353P   1242
-5.620158037117,0.,0.,11.240316074234,0.,11.240316074234;            353P   1243
508,2,0,305,2,1,0,0,305,57,1,0;                                      355P   1244
510,353,1,1,355;                                                     357P   1245
128,1,8,1,2,0,1,0,0,1,-0.81596586830367,-0.81596586830367,           359P   1246
0.07482656434225,0.07482656434225,0.,0.,0.,9.08688910745617,         359P   1247
9.08688910745617,18.17377821491234,18.17377821491234,                359P   1248
27.2606673223685,27.2606673223685,36.34755642982467,                 359P   1249
36.34755642982467,36.34755642982467,1.,1.,0.70710678118655,          359P   1250
0.70710678118655,1.,1.,0.70710678118655,0.70710678118655,1.,1.,      359P   1251
0.70710678118655,0.70710678118655,1.,1.,0.70710678118655,            359P   1252
0.70710678118655,1.,1.,-5.42559737637516,1.46597048798703,           359P   1253
-0.00000000000059,-5.59921350523388,1.51288073647942,5.15,           359P   1254
-3.95962688838813,6.89156786436219,-0.00000000000059,                359P   1255
-4.08633276875446,7.1120942417133,5.15,1.46597048798703,             359P   1256
5.42559737637516,-0.00000000000059,1.51288073647942,                 359P   1257
5.59921350523388,5.15,6.89156786436219,3.95962688838813,             359P   1258
-0.00000000000059,7.11209424171331,4.08633276875446,5.15,            359P   1259
5.42559737637516,-1.46597048798703,-0.00000000000059,                359P   1260
5.59921350523388,-1.51288073647942,5.15,3.95962688838813,            359P   1261
-6.89156786436219,-0.00000000000059,4.08633276875446,                359P   1262
-7.11209424171331,5.15,-1.46597048798703,-5.42559737637516,          359P   1263
-0.00000000000059,-1.51288073647942,-5.59921350523388,5.15,          359P   1264
-6.89156786436219,-3.95962688838813,-0.00000000000059,               359P   1265
-7.1120942417133,-4.08633276875446,5.15,-5.42559737637516,           359P   1266
1.46597048798703,-0.00000000000059,-5.59921350523388,                359P   1267
1.51288073647942,5.15,-0.81596586830367,0.07482656434225,0.,         359P   1268
36.34755642982467;                                                   359P   1269
508,4,0,305,50,1,0,0,305,59,0,0,0,305,54,1,0,0,305,57,0,0;           361P   1270
510,359,1,1,361;                                                     363P   1271
128,1,1,1,1,0,0,1,0,0,0.,0.,12.50200000006615,12.50200000006615,     365P   1272
0.,0.,12.50200000001187,12.50200000001187,1.,1.,1.,1.,               365P   1273
6.25100000000595,6.25100000003307,5.15,6.25100000000595,             365P   1274
-6.25100000003308,5.15,-6.25100000000592,6.25100000003307,5.15,      365P   1275
-6.25100000000592,-6.25100000003308,5.15,0.,12.50200000006615,       365P   1276
0.,12.50200000001187;                                                365P   1277
508,26,0,305,60,1,0,0,305,61,1,0,0,305,62,1,0,0,305,14,0,0,0,        367P   1278
305,63,0,0,0,305,64,1,0,0,305,12,1,0,0,305,20,0,0,0,305,11,0,0,      367P   1279
0,305,65,1,0,0,305,66,0,0,0,305,67,1,0,0,305,69,0,0,0,305,70,0,      367P   1280
0,0,305,71,0,0,0,305,72,1,0,0,305,73,1,0,0,305,74,1,0,0,305,26,      367P   1281
0,0,0,305,29,0,0,0,305,75,1,0,0,305,76,1,0,0,305,79,0,0,0,305,       367P   1282
15,0,0,0,305,16,1,0,0,305,31,0,0;                                    367P   1283
508,2,0,305,59,1,0,0,305,56,1,0;                                     369P   1284
510,365,2,1,367,369;                                                 371P   1285
128,1,8,1,2,0,1,0,0,1,-2.15514123934111,-2.15514123934111,           373P   1286
2.16975234187826,2.16975234187826,0.,0.,0.,0.31415926534983,         373P   1287
0.31415926534983,0.62831853069966,0.62831853069966,                  373P   1288
0.94247779604949,0.94247779604949,1.25663706139932,                  373P   1289
1.25663706139932,1.25663706139932,1.,1.,0.70710678118655,            373P   1290
0.70710678118655,1.,1.,0.70710678118655,0.70710678118655,1.,1.,      373P   1291
0.70710678118655,0.70710678118655,1.,1.,0.70710678118655,            373P   1292
0.70710678118655,1.,1.,6.07303328173109,-5.85174878055227,           373P   1293
5.12991294698946,6.0428643268005,-5.82157982562129,                  373P   1294
5.99383878166979,6.27162202409582,-5.87417518433887,                 373P   1295
5.13763096596234,6.24145306916523,-5.84400622940788,                 373P   1296
6.00155680064267,6.24895372739775,-6.07279138881976,                 373P   1297
5.14377520229262,6.21878477246716,-6.04262243388878,                 373P   1298
6.00770103697295,6.22628543069969,-6.27140759330065,                 373P   1299
5.1499194386229,6.1961164757691,-6.24123863836967,                   373P   1300
6.01384527330323,6.02769668833496,-6.24898118951406,                 373P   1301
5.14220141965002,5.99752773340437,-6.21881223458308,                 373P   1302
6.00612725433035,5.82910794597022,-6.22655478572747,                 373P   1303
5.13448340067714,5.79893899103963,-6.19638583079649,                 373P   1304
5.99840923535746,5.85177624266829,-6.02793858124658,                 373P   1305
5.12833916434686,5.8216072877377,-5.99776962631559,                  373P   1306
5.99226499902718,5.87444453936636,-5.82932237676568,                 373P   1307
5.12219492801658,5.84427558443577,-5.7991534218347,                  373P   1308
5.9861207626969,6.07303328173109,-5.85174878055227,                  373P   1309
5.12991294698946,6.0428643268005,-5.82157982562129,                  373P   1310
5.99383878166979,-2.15514123934111,2.16975234187826,0.,              373P   1311
1.25663706139932;                                                    373P   1312
508,4,0,305,80,0,0,0,305,81,0,0,0,305,60,0,0,0,305,82,1,0;           375P   1313
510,373,1,1,375;                                                     377P   1314
128,1,1,1,1,0,0,1,0,0,0.,0.,12.44263469187265,12.44263469187265,     379P   1315
0.,0.,12.44263469188001,12.44263469188001,1.,1.,1.,1.,               379P   1316
6.22131734594001,6.22131734593634,6.,6.22131734594001,               379P   1317
-6.22131734593631,6.,-6.22131734594,6.22131734593634,6.,             379P   1318
-6.22131734594,-6.22131734593631,6.,0.,12.44263469187265,0.,         379P   1319
12.44263469188001;                                                   379P   1320
508,26,0,305,80,1,0,0,305,83,1,0,0,305,84,1,0,0,305,9,1,0,0,305,     381P   1321
47,1,0,0,305,85,1,0,0,305,86,0,0,0,305,22,1,0,0,305,49,1,0,0,        381P   1322
305,1,0,0,0,305,53,0,0,0,305,55,1,0,0,305,87,1,0,0,305,89,1,0,0,     381P   1323
305,91,1,0,0,305,93,0,0,0,305,94,1,0,0,305,95,1,0,0,305,5,1,0,0,     381P   1324
305,96,1,0,0,305,97,1,0,0,305,98,0,0,0,305,99,1,0,0,305,101,1,0,     381P   1325
0,305,102,0,0,0,305,104,0,0;                                         381P   1326
508,2,0,305,33,0,0,0,305,105,0,0;                                    383P   1327
508,8,0,305,19,0,0,0,305,106,1,0,0,305,8,0,0,0,305,108,1,0,0,        385P   1328
305,109,0,0,0,305,4,1,0,0,305,110,0,0,0,305,10,1,0;                  385P   1329
508,2,0,305,45,1,0,0,305,111,1,0;                                    387P   1330
510,379,4,1,381,383,385,387;                                         389P   1331
128,1,8,1,2,0,1,0,0,1,-0.96832591813009,-0.96832591813009,           391P   1332
0.08879844664075,0.08879844664075,0.,0.,0.,7.65362489573929,         391P   1333
7.65362489573929,15.30724979147858,15.30724979147858,                391P   1334
22.96087468721787,22.96087468721787,30.61449958295715,               391P   1335
30.61449958295715,30.61449958295715,1.,1.,0.70710678118655,          391P   1336
0.70710678118655,1.,1.,0.70710678118655,0.70710678118655,1.,1.,      391P   1337
0.70710678118655,0.70710678118655,1.,1.,0.70710678118655,            391P   1338
0.70710678118655,1.,1.,-4.6242807816971,1.24945857273741,0.85,       391P   1339
-4.71106239750722,1.27290655069306,6.,-3.37482220895969,             391P   1340
5.87373935443451,0.85,-3.43815584681416,5.98396894820028,6.,         391P   1341
1.24945857273741,4.6242807816971,0.85,1.27290655069306,              391P   1342
4.71106239750722,6.,5.87373935443452,3.37482220895969,0.85,          391P   1343
5.98396894820028,3.43815584681416,6.,4.6242807816971,                391P   1344
-1.24945857273741,0.85,4.71106239750722,-1.27290655069306,6.,        391P   1345
3.37482220895969,-5.87373935443452,0.85,3.43815584681416,            391P   1346
-5.98396894820028,6.,-1.24945857273741,-4.6242807816971,0.85,        391P   1347
-1.27290655069306,-4.71106239750722,6.,-5.87373935443451,            391P   1348
-3.37482220895969,0.85,-5.98396894820027,-3.43815584681416,6.,       391P   1349
-4.6242807816971,1.24945857273741,0.85,-4.71106239750722,            391P   1350
1.27290655069306,6.,-0.96832591813009,0.08879844664075,0.,           391P   1351
30.61449958295715;                                                   391P   1352
508,4,0,305,44,1,0,0,305,113,0,0,0,305,46,1,0,0,305,111,0,0;         393P   1353
510,391,1,1,393;                                                     395P   1354
128,1,1,1,1,0,0,1,0,0,0.,0.,9.58021283124,9.58021283124,0.,0.,       397P   1355
9.58021283124,9.58021283124,1.,1.,1.,1.,4.79010641562,               397P   1356
4.79010641562,0.85,4.79010641562,-4.79010641562,0.85,                397P   1357
-4.79010641562,4.79010641562,0.85,-4.79010641562,-4.79010641562,     397P   1358
0.85,0.,9.58021283124,0.,9.58021283124;                              397P   1359
508,2,0,305,113,1,0,0,305,48,1,0;                                    399P   1360
508,2,0,305,114,1,0,0,305,43,1,0;                                    401P   1361
510,397,2,1,399,401;                                                 403P   1362
128,1,8,1,2,0,1,0,0,1,-0.20081619579762,-0.20081619579762,           405P   1363
2.18985280179207,2.18985280179207,0.,0.,0.,3.26752172835644,         405P   1364
3.26752172835644,6.53504345671287,6.53504345671287,                  405P   1365
9.80256518506931,9.80256518506931,13.07008691342574,                 405P   1366
13.07008691342574,13.07008691342574,1.,1.,0.70710678118655,          405P   1367
0.70710678118655,1.,1.,0.70710678118655,0.70710678118655,1.,1.,      405P   1368
0.70710678118655,0.70710678118655,1.,1.,0.70710678118655,            405P   1369
0.70710678118655,1.,1.,-1.78595603184199,0.48255678663572,           405P   1370
5.00000000000018,-4.43120445393055,1.19729027147953,                 405P   1371
0.84999999999982,-2.26851281847771,-1.30339924520627,                405P   1372
5.00000000000018,-5.62849472541008,-3.23391418245102,                405P   1373
0.84999999999982,-0.48255678663572,-1.78595603184199,                405P   1374
5.00000000000018,-1.19729027147953,-4.43120445393055,                405P   1375
0.84999999999982,1.30339924520627,-2.26851281847771,                 405P   1376
5.00000000000018,3.23391418245102,-5.62849472541008,                 405P   1377
0.84999999999982,1.78595603184199,-0.48255678663572,                 405P   1378
5.00000000000018,4.43120445393055,-1.19729027147953,                 405P   1379
0.84999999999982,2.26851281847771,1.30339924520627,                  405P   1380
5.00000000000018,5.62849472541008,3.23391418245102,                  405P   1381
0.84999999999982,0.48255678663572,1.78595603184199,                  405P   1382
5.00000000000018,1.19729027147953,4.43120445393055,                  405P   1383
0.84999999999982,-1.30339924520627,2.26851281847771,                 405P   1384
5.00000000000018,-3.23391418245102,5.62849472541008,                 405P   1385
0.84999999999982,-1.78595603184199,0.48255678663572,                 405P   1386
5.00000000000018,-4.43120445393055,1.19729027147953,                 405P   1387
0.84999999999982,-0.20081619579762,2.18985280179207,0.,              405P   1388
13.07008691342574;                                                   405P   1389
508,4,0,305,38,1,0,0,305,114,0,0,0,305,41,1,0,0,305,77,0,0;          407P   1390
510,405,1,1,407;                                                     409P   1391
128,1,1,1,1,0,0,1,0,0,0.,0.,3.7,3.7,0.,0.,3.7,3.7,1.,1.,1.,1.,       411P   1392
1.85,1.85,5.,1.85,-1.85,5.,-1.85,1.85,5.,-1.85,-1.85,5.,0.,3.7,      411P   1393
0.,3.7;                                                              411P   1394
508,2,0,305,40,1,0,0,305,77,1,0;                                     413P   1395
508,2,0,305,35,1,0,0,305,115,1,0;                                    415P   1396
510,411,2,1,413,415;                                                 417P   1397
128,1,8,1,2,0,1,0,0,1,-1.23470972686964,-1.23470972686964,           419P   1398
0.11322665617581,0.11322665617581,0.,0.,0.,2.73807392679211,         419P   1399
2.73807392679211,5.47614785358421,5.47614785358421,                  419P   1400
8.21422178037632,8.21422178037632,10.95229570716842,                 419P   1401
10.95229570716842,10.95229570716842,1.,1.,0.70710678118655,          419P   1402
0.70710678118655,1.,1.,0.70710678118655,0.70710678118655,1.,1.,      419P   1403
0.70710678118655,0.70710678118655,1.,1.,0.70710678118655,            419P   1404
0.70710678118655,1.,1.,-1.61025657357407,0.43508363249095,           419P   1405
2.651827230801,-1.6894178679584,0.4564726360067,5.,                  419P   1406
-1.17517294108311,2.04534020606502,2.651827230801,                   419P   1407
-1.2329452319517,2.14589050396509,5.,0.43508363249095,               419P   1408
1.61025657357407,2.651827230801,0.4564726360067,1.6894178679584,     419P   1409
5.,2.04534020606502,1.17517294108311,2.651827230801,                 419P   1410
2.14589050396509,1.2329452319517,5.,1.61025657357407,                419P   1411
-0.43508363249095,2.651827230801,1.6894178679584,                    419P   1412
-0.4564726360067,5.,1.17517294108311,-2.04534020606502,              419P   1413
2.651827230801,1.2329452319517,-2.14589050396509,5.,                 419P   1414
-0.43508363249095,-1.61025657357407,2.651827230801,                  419P   1415
-0.4564726360067,-1.6894178679584,5.,-2.04534020606502,              419P   1416
-1.17517294108311,2.651827230801,-2.14589050396509,                  419P   1417
-1.2329452319517,5.,-1.61025657357407,0.43508363249095,              419P   1418
2.651827230801,-1.6894178679584,0.4564726360067,5.,                  419P   1419
-1.23470972686964,0.11322665617581,0.,10.95229570716842;             419P   1420
508,4,0,305,34,1,0,0,305,116,0,0,0,305,36,1,0,0,305,115,0,0;         421P   1421
510,419,1,1,421;                                                     423P   1422
128,1,1,1,1,0,0,1,0,0,0.,0.,3.336,3.336,0.,0.,3.336,3.336,1.,1.,     425P   1423
1.,1.,1.668,1.668,2.651827230801,1.668,-1.668,2.651827230801,        425P   1424
-1.668,1.668,2.651827230801,-1.668,-1.668,2.651827230801,0.,         425P   1425
3.336,0.,3.336;                                                      425P   1426
508,2,0,305,116,1,0,0,305,37,1,0;                                    427P   1427
510,425,1,1,427;                                                     429P   1428
128,1,8,1,2,0,1,0,0,1,-0.56563965877377,-0.56563965877377,           431P   1429
0.04261346545938,0.04261346545938,0.,0.,0.,1.56846372558401,         431P   1430
1.56846372558401,3.13692745116802,3.13692745116802,                  431P   1431
4.70539117675203,4.70539117675203,6.27385490233603,                  431P   1432
6.27385490233603,6.27385490233603,1.,1.,0.70710678118655,            431P   1433
0.70710678118655,1.,1.,0.70710678118655,0.70710678118655,1.,1.,      431P   1434
0.70710678118655,0.70710678118655,1.,1.,0.70710678118655,            431P   1435
0.70710678118655,1.,1.,5.8946666798734,-4.69443481209532,            431P   1436
6.60697989934,5.91512910713941,-4.68890596201603,6.,                 431P   1437
5.63935402366272,-3.74951560052792,6.60697989934,                    431P   1438
5.65428760084944,-3.72352432318262,6.,4.69443481209532,              431P   1439
-4.0048282567386,6.60697989934,4.68890596201603,                     431P   1440
-3.98436582947259,6.,3.74951560052792,-4.26014091294928,             431P   1441
6.60697989934,3.72352432318262,-4.24520733576256,6.,                 431P   1442
4.0048282567386,-5.20506012451668,6.60697989934,                     431P   1443
3.98436582947259,-5.21058897459597,6.,4.26014091294928,              431P   1444
-6.14997933608408,6.60697989934,4.24520733576256,                    431P   1445
-6.17597061342939,6.,5.20506012451668,-5.8946666798734,              431P   1446
6.60697989934,5.21058897459597,-5.91512910713941,6.,                 431P   1447
6.14997933608408,-5.63935402366272,6.60697989934,                    431P   1448
6.17597061342939,-5.65428760084944,6.,5.8946666798734,               431P   1449
-4.69443481209532,6.60697989934,5.91512910713941,                    431P   1450
-4.68890596201603,6.,-0.56563965877377,0.04261346545938,0.,          431P   1451
6.27385490233603;                                                    431P   1452
508,5,0,305,17,1,0,0,305,105,1,0,0,305,24,1,0,0,305,18,0,0,0,        433P   1453
305,117,0,0;                                                         433P   1454
510,431,1,1,433;                                                     435P   1455
128,4,8,2,2,0,1,0,0,1,0.03490658503735,0.03490658503735,             437P   1456
0.03490658503735,1.5707963267949,1.5707963267949,                    437P   1457
3.10668606855245,3.10668606855245,3.10668606855245,0.,0.,0.,         437P   1458
1.5707963267949,1.5707963267949,3.14159265358979,                    437P   1459
3.14159265358979,4.71238898038469,4.71238898038469,                  437P   1460
6.28318530717959,6.28318530717959,6.28318530717959,1.,               437P   1461
0.71933980033777,1.,0.71933980033777,1.,0.70710678118655,            437P   1462
0.50865005079622,0.70710678118655,0.50865005079621,                  437P   1463
0.70710678118655,1.,0.71933980033777,1.,0.71933980033777,1.,         437P   1464
0.70710678118655,0.50865005079622,0.70710678118655,                  437P   1465
0.50865005079621,0.70710678118655,1.,0.71933980033777,1.,            437P   1466
0.71933980033777,1.,0.70710678118655,0.50865005079622,               437P   1467
0.70710678118655,0.50865005079621,0.70710678118655,1.,               437P   1468
0.71933980033777,1.,0.71933980033777,1.,0.70710678118655,            437P   1469
0.50865005079622,0.70710678118655,0.50865005079621,                  437P   1470
0.70710678118655,1.,0.71933980033777,1.,0.71933980033777,1.,         437P   1471
3.97094367345706,-4.94974746830601,6.60697989933999,                 437P   1472
3.97768408389899,-4.94974746830601,6.8,4.17082183886089,             437P   1473
-4.94974746830601,6.79999999999999,4.36395959382279,                 437P   1474
-4.94974746830601,6.79999999999999,4.37070000426472,                 437P   1475
-4.94974746830601,6.60697989933999,3.97094367345706,                 437P   1476
-3.97094367345707,6.60697989933999,3.97768408389899,                 437P   1477
-3.977684083899,6.79999999999999,4.17082183886089,                   437P   1478
-4.1708218388609,6.79999999999999,4.36395959382279,                  437P   1479
-4.3639595938228,6.79999999999999,4.37070000426472,                  437P   1480
-4.37070000426473,6.60697989933999,4.949747468306,                   437P   1481
-3.97094367345707,6.60697989933999,4.949747468306,                   437P   1482
-3.977684083899,6.79999999999999,4.949747468306,                     437P   1483
-4.1708218388609,6.79999999999999,4.949747468306,                    437P   1484
-4.3639595938228,6.79999999999999,4.949747468306,                    437P   1485
-4.37070000426473,6.60697989933999,5.92855126315494,                 437P   1486
-3.97094367345707,6.60697989933999,5.92181085271301,                 437P   1487
-3.977684083899,6.79999999999999,5.72867309775111,                   437P   1488
-4.1708218388609,6.79999999999999,5.53553534278921,                  437P   1489
-4.3639595938228,6.79999999999999,5.52879493234728,                  437P   1490
-4.37070000426473,6.60697989933999,5.92855126315494,                 437P   1491
-4.94974746830601,6.60697989933999,5.92181085271301,                 437P   1492
-4.94974746830601,6.8,5.72867309775111,-4.94974746830601,6.8,        437P   1493
5.53553534278921,-4.94974746830601,6.8,5.52879493234728,             437P   1494
-4.94974746830601,6.60697989933999,5.92855126315494,                 437P   1495
-5.92855126315495,6.60697989934,5.92181085271301,                    437P   1496
-5.92181085271302,6.8,5.72867309775111,-5.72867309775112,6.8,        437P   1497
5.53553534278921,-5.53553534278922,6.8,5.52879493234728,             437P   1498
-5.52879493234729,6.60697989934,4.949747468306,                      437P   1499
-5.92855126315495,6.60697989934,4.949747468306,                      437P   1500
-5.92181085271302,6.8,4.949747468306,-5.72867309775112,6.8,          437P   1501
4.949747468306,-5.53553534278922,6.8,4.949747468306,                 437P   1502
-5.52879493234729,6.60697989933999,3.97094367345706,                 437P   1503
-5.92855126315495,6.60697989934,3.97768408389899,                    437P   1504
-5.92181085271302,6.8,4.17082183886089,-5.72867309775112,6.8,        437P   1505
4.36395959382279,-5.53553534278922,6.8,4.37070000426472,             437P   1506
-5.52879493234729,6.60697989933999,3.97094367345706,                 437P   1507
-4.94974746830601,6.60697989933999,3.97768408389899,                 437P   1508
-4.94974746830601,6.8,4.17082183886089,-4.94974746830601,            437P   1509
6.79999999999999,4.36395959382279,-4.94974746830601,                 437P   1510
6.79999999999999,4.37070000426472,-4.94974746830601,                 437P   1511
6.60697989933999,0.03490658503735,3.10668606855245,0.,               437P   1512
6.28318530717959;                                                    437P   1513
508,5,0,305,23,1,0,0,305,118,0,0,0,305,27,1,0,0,305,32,1,0,0,        439P   1514
305,117,1,0;                                                         439P   1515
510,437,1,1,439;                                                     441P   1516
128,1,1,1,1,0,0,1,0,0,0.,0.,1.5578512588904,1.5578512588904,0.,      443P   1517
0.,1.5578512588904,1.5578512588904,1.,1.,1.,1.,4.1708218388608,      443P   1518
-5.7286730977512,6.8,5.7286730977512,-5.7286730977512,6.8,           443P   1519
4.1708218388608,-4.1708218388608,6.8,5.7286730977512,                443P   1520
-4.1708218388608,6.8,0.,1.5578512588904,0.,1.5578512588904;          443P   1521
508,2,0,305,118,1,0,0,305,30,1,0;                                    445P   1522
510,443,1,1,445;                                                     447P   1523
128,1,1,1,1,0,0,1,0,0,0.,0.,1.442001828275,1.442001828275,0.,0.,     449P   1524
1.442001828274,1.442001828274,1.,1.,1.,1.,-5.670748382443,           449P   1525
4.228746554169,6.8,-4.228746554168,4.228746554169,6.8,               449P   1526
-5.670748382443,5.670748382443,6.8,-4.228746554168,                  449P   1527
5.670748382443,6.8,0.,1.442001828275,0.,1.442001828274;              449P   1528
508,4,0,305,42,1,0,0,305,92,1,0,0,305,51,1,0,0,305,88,1,0;           451P   1529
510,449,1,1,451;                                                     453P   1530
128,1,8,1,2,0,1,0,0,1,-3.29469005784511,-3.29469005784511,           455P   1531
3.29469005071167,3.29469005071167,0.,0.,0.,0.31415926535898,         455P   1532
0.31415926535898,0.62831853071796,0.62831853071796,                  455P   1533
0.94247779607694,0.94247779607694,1.25663706143592,                  455P   1534
1.25663706143592,1.25663706143592,1.,1.,0.70710678118655,            455P   1535
0.70710678118655,1.,1.,0.70710678118655,0.70710678118655,1.,1.,      455P   1536
0.70710678118655,0.70710678118655,1.,1.,0.70710678118655,            455P   1537
0.70710678118655,1.,1.,-4.20050380183802,5.69845047632479,           455P   1538
6.40129035638248,-5.50044870201807,5.48179299296079,                 455P   1539
6.40129035638248,-4.23317146601664,5.89445646139595,                 455P   1540
6.42397245358266,-5.5331163661967,5.67779897803194,                  455P   1541
6.42397245358266,-4.22944255220696,5.87208297853792,                 455P   1542
6.62268209720018,-5.52938745238701,5.65542549517392,                 455P   1543
6.62268209720018,-4.22571363839728,5.84970949567989,                 455P   1544
6.8213917408177,-5.52565853857733,5.63305201231589,                  455P   1545
6.8213917408177,-4.19304597421865,5.65370351060874,                  455P   1546
6.79870964361752,-5.49299087439871,5.43704602724474,                 455P   1547
6.79870964361752,-4.16037831004003,5.45769752553758,                 455P   1548
6.77602754641734,-5.46032321022008,5.24104004217358,                 455P   1549
6.77602754641734,-4.16410722384971,5.48007100839561,                 455P   1550
6.57731790279982,-5.46405212402976,5.26341352503161,                 455P   1551
6.57731790279982,-4.16783613765939,5.50244449125363,                 455P   1552
6.3786082591823,-5.46778103783945,5.28578700788963,                  455P   1553
6.3786082591823,-4.20050380183802,5.69845047632479,                  455P   1554
6.40129035638248,-5.50044870201807,5.48179299296079,                 455P   1555
6.40129035638248,-3.29469005784511,3.29469005071167,0.,              455P   1556
1.25663706143592;                                                    455P   1557
508,4,0,305,42,0,0,0,305,68,1,0,0,305,119,1,0,0,305,25,0,0;          457P   1558
510,455,1,1,457;                                                     459P   1559
128,4,8,2,2,0,1,0,0,1,-1.5707963267949,-1.5707963267949,             461P   1560
-1.5707963267949,0.,0.,1.5707963267949,1.5707963267949,              461P   1561
1.5707963267949,0.,0.,0.,1.5707963267949,1.5707963267949,            461P   1562
3.14159265358979,3.14159265358979,4.71238898038469,                  461P   1563
4.71238898038469,6.28318530717959,6.28318530717959,                  461P   1564
6.28318530717959,1.,0.70710678118655,1.,0.70710678118655,1.,         461P   1565
0.70710678118655,0.5,0.70710678118655,0.5,0.70710678118655,1.,       461P   1566
0.70710678118655,1.,0.70710678118655,1.,0.70710678118655,0.5,        461P   1567
0.70710678118655,0.5,0.70710678118655,1.,0.70710678118655,1.,        461P   1568
0.70710678118655,1.,0.70710678118655,0.5,0.70710678118655,0.5,       461P   1569
0.70710678118655,1.,0.70710678118655,1.,0.70710678118655,1.,         461P   1570
0.70710678118655,0.5,0.70710678118655,0.5,0.70710678118655,1.,       461P   1571
0.70710678118655,1.,0.70710678118655,1.,-5.60616947613051,           461P   1572
5.32332676365589,6.600000000003,-5.74759083373562,                   461P   1573
5.4647481185254,6.6,-5.60616947886611,5.60616947613051,              461P   1574
6.599999999997,-5.4647481239966,5.74759083373562,6.599999999994,     461P   1575
-5.32332676639149,5.60616947886611,6.599999999997,                   461P   1576
-5.60616947613051,5.32332676365589,6.600000000003,                   461P   1577
-5.74759083373562,5.46474811852116,6.4,-5.60616947886611,            461P   1578
5.60616947612627,6.399999999997,-5.4647481239966,                    461P   1579
5.74759083373138,6.399999999994,-5.32332676639149,                   461P   1580
5.60616947886611,6.599999999997,-5.60616947613051,                   461P   1581
5.32332676365589,6.600000000003,-5.60616947613051,                   461P   1582
5.32332676365165,6.400000000003,-5.464748121261,                     461P   1583
5.46474812125676,6.4,-5.32332676639149,5.60616947886187,             461P   1584
6.399999999997,-5.32332676639149,5.60616947886611,                   461P   1585
6.599999999997,-5.60616947613051,5.32332676365589,                   461P   1586
6.600000000003,-5.4647481185254,5.18190540878214,6.400000000006,     461P   1587
-5.32332676365589,5.32332676638725,6.400000000003,                   461P   1588
-5.18190540878638,5.46474812399236,6.4,-5.32332676639149,            461P   1589
5.60616947886611,6.599999999997,-5.60616947613051,                   461P   1590
5.32332676365589,6.600000000003,-5.4647481185254,                    461P   1591
5.18190540878638,6.600000000006,-5.32332676365589,                   461P   1592
5.32332676639149,6.600000000003,-5.18190540878638,                   461P   1593
5.4647481239966,6.6,-5.32332676639149,5.60616947886611,              461P   1594
6.599999999997,-5.60616947613051,5.32332676365589,                   461P   1595
6.600000000003,-5.4647481185254,5.18190540879062,6.800000000006,     461P   1596
-5.32332676365589,5.32332676639573,6.800000000003,                   461P   1597
-5.18190540878638,5.46474812400084,6.8,-5.32332676639149,            461P   1598
5.60616947886611,6.599999999997,-5.60616947613051,                   461P   1599
5.32332676365589,6.600000000003,-5.60616947613051,                   461P   1600
5.32332676366013,6.800000000003,-5.464748121261,                     461P   1601
5.46474812126524,6.8,-5.32332676639149,5.60616947887035,             461P   1602
6.799999999997,-5.32332676639149,5.60616947886611,                   461P   1603
6.599999999997,-5.60616947613051,5.32332676365589,                   461P   1604
6.600000000003,-5.74759083373562,5.46474811852964,6.8,               461P   1605
-5.60616947886611,5.60616947613475,6.799999999997,                   461P   1606
-5.4647481239966,5.74759083373986,6.799999999994,                    461P   1607
-5.32332676639149,5.60616947886611,6.599999999997,                   461P   1608
-5.60616947613051,5.32332676365589,6.600000000003,                   461P   1609
-5.74759083373562,5.4647481185254,6.6,-5.60616947886611,             461P   1610
5.60616947613051,6.599999999997,-5.4647481239966,                    461P   1611
5.74759083373562,6.599999999994,-5.32332676639149,                   461P   1612
5.60616947886611,6.599999999997,-1.5707963267949,                    461P   1613
1.5707963267949,0.,6.28318530717959;                                 461P   1614
508,3,0,305,103,1,0,0,305,78,0,0,0,305,25,1,0;                       463P   1615
510,461,1,1,463;                                                     465P   1616
128,1,8,1,2,0,1,0,0,1,-1.55571097661589,-1.55571097661589,           467P   1617
1.53976036733448,1.53976036733448,0.,0.,0.,0.31415926535531,         467P   1618
0.31415926535531,0.62831853071061,0.62831853071061,                  467P   1619
0.94247779606592,0.94247779606592,1.25663706142123,                  467P   1620
1.25663706142123,1.25663706142123,1.,1.,0.70710678118655,            467P   1621
0.70710678118655,1.,1.,0.70710678118655,0.70710678118655,1.,1.,      467P   1622
0.70710678118655,0.70710678118655,1.,1.,0.70710678118655,            467P   1623
0.70710678118655,1.,1.,-5.26491499941139,5.45426432463992,           467P   1624
6.60019864330733,-5.28368411775719,5.47303344298561,                 467P   1625
5.98167366076192,-5.25444686541268,5.65390766827544,                 467P   1626
6.60593915823872,-5.27321598375847,5.67267678662114,                 467P   1627
5.98741417569331,-5.4540806631614,5.66419214079567,                  467P   1628
6.61230912059887,-5.47284978150719,5.68296125914136,                 467P   1629
5.99378413805345,-5.65371446091011,5.67447661331589,                 467P   1630
6.61867908295901,-5.67248357925591,5.69324573166158,                 467P   1631
6.0001541004136,-5.66418259490883,5.47483326968036,                  467P   1632
6.61293856802761,-5.68295171325462,5.49360238802605,                 467P   1633
5.9944135854822,-5.67465072890754,5.27518992604484,                  467P   1634
6.60719805309622,-5.69341984725333,5.29395904439053,                 467P   1635
5.98867307055081,-5.47501693115882,5.26490545352461,                 467P   1636
6.60082809073607,-5.49378604950462,5.28367457187031,                 467P   1637
5.98230310819066,-5.2753831334101,5.25462098100439,                  467P   1638
6.59445812837593,-5.2941522517559,5.27339009935008,                  467P   1639
5.97593314583052,-5.26491499941139,5.45426432463992,                 467P   1640
6.60019864330733,-5.28368411775719,5.47303344298561,                 467P   1641
5.98167366076192,-1.55571097661589,1.53976036733448,0.,              467P   1642
1.25663706142123;                                                    467P   1643
508,4,0,305,103,0,0,0,305,107,1,0,0,305,10,0,0,0,305,120,0,0;        469P   1644
510,467,1,1,469;                                                     471P   1645
128,1,1,1,1,0,0,1,0,0,0.,0.,0.61480055867106,0.61480055867106,       473P   1646
0.,0.,1.30439617766597,1.30439617766597,1.,1.,1.,1.,                 473P   1647
-5.89427262577111,4.23233963518578,6.00002051002365,                 473P   1648
-5.87252080167744,4.23233963518578,6.61443615524343,                 473P   1649
-5.68009602241608,5.51900986427541,5.99243813181208,                 473P   1650
-5.65834419832241,5.51900986427541,6.60685377703187,0.,              473P   1651
0.61480055867106,0.,1.30439617766597;                                473P   1652
508,4,0,305,121,0,0,0,305,120,1,0,0,305,110,1,0,0,305,122,0,0;       475P   1653
510,473,1,1,475;                                                     477P   1654
128,1,8,1,2,0,1,0,0,1,-3.29469005789089,-3.29469005789089,           479P   1655
3.29469004668154,3.29469004668154,0.,0.,0.,0.31415926535898,         479P   1656
0.31415926535898,0.62831853071796,0.62831853071796,                  479P   1657
0.94247779607694,0.94247779607694,1.25663706143592,                  479P   1658
1.25663706143592,1.25663706143592,1.,1.,0.70710678118655,            479P   1659
0.70710678118655,1.,1.,0.70710678118655,0.70710678118655,1.,1.,      479P   1660
0.70710678118655,0.70710678118655,1.,1.,0.70710678118655,            479P   1661
0.70710678118655,1.,1.,-5.48179299309569,5.50044870121046,           479P   1662
6.40129035638251,-5.6984504763289,4.20050380181647,                  479P   1663
6.40129035638251,-5.67779897816681,5.53311636538911,                 479P   1664
6.42397245358298,-5.89445646140002,4.23317146599512,                 479P   1665
6.42397245358298,-5.6554254953085,5.52938745157938,                  479P   1666
6.62268209720046,-5.87208297854171,4.22944255218539,                 479P   1667
6.62268209720046,-5.6330520124502,5.52565853776965,                  479P   1668
6.82139174081795,-5.84970949568341,4.22571363837566,                 479P   1669
6.82139174081795,-5.43704602737908,5.49299087359099,                 479P   1670
6.79870964361749,-5.65370351061229,4.19304597419701,                 479P   1671
6.79870964361749,-5.24104004230796,5.46032320941234,                 479P   1672
6.77602754641702,-5.45769752554117,4.16037831001835,                 479P   1673
6.77602754641702,-5.26341352516627,5.46405212322207,                 479P   1674
6.57731790279953,-5.48007100839948,4.16410722382809,                 479P   1675
6.57731790279953,-5.28578700802457,5.46778103703181,                 479P   1676
6.37860825918205,-5.50244449125778,4.16783613763782,                 479P   1677
6.37860825918205,-5.48179299309569,5.50044870121046,                 479P   1678
6.40129035638251,-5.6984504763289,4.20050380181647,                  479P   1679
6.40129035638251,-3.29469005789089,3.29469004668154,0.,              479P   1680
1.25663706143592;                                                    479P   1681
508,4,0,305,92,0,0,0,305,78,1,0,0,305,121,1,0,0,305,123,0,0;         481P   1682
510,479,1,1,481;                                                     483P   1683
128,4,8,2,2,0,1,0,0,1,-1.5707963267949,-1.5707963267949,             485P   1684
-1.5707963267949,0.,0.,1.5707963267949,1.5707963267949,              485P   1685
1.5707963267949,0.,0.,0.,1.5707963267949,1.5707963267949,            485P   1686
3.14159265358979,3.14159265358979,4.71238898038469,                  485P   1687
4.71238898038469,6.28318530717959,6.28318530717959,                  485P   1688
6.28318530717959,1.,0.70710678118654,1.,0.70710678118654,1.,         485P   1689
0.70710678118655,0.49999999999999,0.70710678118655,                  485P   1690
0.49999999999999,0.70710678118655,1.,0.70710678118654,1.,            485P   1691
0.70710678118654,1.,0.70710678118655,0.49999999999999,               485P   1692
0.70710678118655,0.49999999999999,0.70710678118655,1.,               485P   1693
0.70710678118654,1.,0.70710678118654,1.,0.70710678118655,            485P   1694
0.49999999999999,0.70710678118655,0.49999999999999,                  485P   1695
0.70710678118655,1.,0.70710678118654,1.,0.70710678118654,1.,         485P   1696
0.70710678118655,0.49999999999999,0.70710678118655,                  485P   1697
0.49999999999999,0.70710678118655,1.,0.70710678118654,1.,            485P   1698
0.70710678118654,1.,-5.52932702479179,4.08732519934559,              485P   1699
6.6000000000018,-5.6707483796152,3.94590384169438,                   485P   1700
6.60000000000359,-5.81216973726641,4.08732519651779,                 485P   1701
6.6000000000018,-5.95359109491762,4.2287465513412,6.6,               485P   1702
-5.81216974009421,4.37016790899241,6.5999999999982,                  485P   1703
-5.52932702479179,4.08732519934559,6.6000000000018,                  485P   1704
-5.6707483796152,3.94590384169184,6.4000000000036,                   485P   1705
-5.81216973726641,4.08732519651525,6.4000000000018,                  485P   1706
-5.95359109491761,4.22874655133865,6.4,-5.81216974009421,            485P   1707
4.37016790899241,6.5999999999982,-5.52932702479179,                  485P   1708
4.08732519934559,6.6000000000018,-5.52932702479179,                  485P   1709
4.08732519934305,6.4000000000018,-5.670748382443,                    485P   1710
4.22874655416646,6.4,-5.81216974009421,4.37016790898986,             485P   1711
6.39999999999821,-5.81216974009421,4.37016790899241,                 485P   1712
6.5999999999982,-5.52932702479179,4.08732519934559,                  485P   1713
6.6000000000018,-5.38790566996838,4.22874655699426,6.4,              485P   1714
-5.52932702761959,4.37016791181767,6.39999999999821,                 485P   1715
-5.6707483852708,4.51158926664107,6.39999999999641,                  485P   1716
-5.81216974009421,4.37016790899241,6.5999999999982,                  485P   1717
-5.52932702479179,4.08732519934559,6.6000000000018,                  485P   1718
-5.38790566996838,4.2287465569968,6.6,-5.52932702761959,             485P   1719
4.37016791182021,6.5999999999982,-5.6707483852708,                   485P   1720
4.51158926664361,6.59999999999641,-5.81216974009421,                 485P   1721
4.37016790899241,6.5999999999982,-5.52932702479179,                  485P   1722
4.08732519934559,6.6000000000018,-5.38790566996838,                  485P   1723
4.22874655699934,6.8,-5.52932702761959,4.37016791182275,             485P   1724
6.7999999999982,-5.6707483852708,4.51158926664616,                   485P   1725
6.7999999999964,-5.81216974009421,4.37016790899241,                  485P   1726
6.5999999999982,-5.52932702479179,4.08732519934559,                  485P   1727
6.6000000000018,-5.52932702479179,4.08732519934814,                  485P   1728
6.80000000000179,-5.670748382443,4.22874655417154,6.8,               485P   1729
-5.81216974009421,4.37016790899495,6.7999999999982,                  485P   1730
-5.81216974009421,4.37016790899241,6.5999999999982,                  485P   1731
-5.52932702479179,4.08732519934559,6.6000000000018,                  485P   1732
-5.6707483796152,3.94590384169693,6.80000000000359,                  485P   1733
-5.81216973726641,4.08732519652033,6.80000000000179,                 485P   1734
-5.95359109491761,4.22874655134374,6.8,-5.81216974009421,            485P   1735
4.37016790899241,6.5999999999982,-5.52932702479179,                  485P   1736
4.08732519934559,6.6000000000018,-5.6707483796152,                   485P   1737
3.94590384169438,6.60000000000359,-5.81216973726641,                 485P   1738
4.08732519651779,6.6000000000018,-5.95359109491762,                  485P   1739
4.2287465513412,6.6,-5.81216974009421,4.37016790899241,              485P   1740
6.5999999999982,-1.5707963267949,1.5707963267949,0.,                 485P   1741
6.28318530717959;                                                    485P   1742
508,3,0,305,28,1,0,0,305,124,0,0,0,305,123,1,0;                      487P   1743
510,485,1,1,487;                                                     489P   1744
128,1,8,1,2,0,1,0,0,1,-1.60654329542323,-1.60654329542323,           491P   1745
1.55755424855785,1.55755424855785,0.,0.,0.,0.31415926535801,         491P   1746
0.31415926535801,0.62831853071601,0.62831853071601,                  491P   1747
0.94247779607402,0.94247779607402,1.25663706143203,                  491P   1748
1.25663706143203,1.25663706143203,1.,1.,0.70710678118655,            491P   1749
0.70710678118655,1.,1.,0.70710678118655,0.70710678118655,1.,1.,      491P   1750
0.70710678118655,0.70710678118655,1.,1.,0.70710678118655,            491P   1751
0.70710678118655,1.,1.,-5.72512341504354,4.42157267923629,           491P   1752
6.60890451369764,-5.75195906498525,4.39473702929462,                 491P   1753
5.97722403553244,-5.91722485753061,4.36691790876123,                 491P   1754
6.61938744546597,-5.94406050747231,4.34008225881956,                 491P   1755
5.98770696730077,-5.86222391752908,4.1747176910949,                  491P   1756
6.62521607546947,-5.88905956747078,4.14788204115323,                 491P   1757
5.99353559730427,-5.80722297752755,3.98251747342858,                 491P   1758
6.63104470547298,-5.83405862746925,3.95568182348691,                 491P   1759
5.99936422730778,-5.61512153504048,4.03717224390363,                 491P   1760
6.62056177370465,-5.64195718498218,4.01033659396197,                 491P   1761
5.98888129553945,-5.42302009255342,4.09182701437869,                 491P   1762
6.61007884193632,-5.44985574249512,4.06499136443702,                 491P   1763
5.97839836377112,-5.47802103255495,4.28402723204502,                 491P   1764
6.60425021193282,-5.50485668249665,4.25719158210335,                 491P   1765
5.97256973376762,-5.53302197255648,4.47622744971134,                 491P   1766
6.59842158192932,-5.55985762249818,4.44939179976967,                 491P   1767
5.96674110376412,-5.72512341504354,4.42157267923629,                 491P   1768
6.60890451369764,-5.75195906498525,4.39473702929462,                 491P   1769
5.97722403553244,-1.60654329542323,1.55755424855785,0.,              491P   1770
1.25663706143203;                                                    491P   1771
508,4,0,305,28,0,0,0,305,122,1,0,0,305,4,0,0,0,305,112,0,0;          493P   1772
510,491,1,1,493;                                                     495P   1773
128,1,1,1,1,0,0,1,0,0,0.,0.,0.61480055866357,0.61480055866357,       497P   1774
0.,0.,1.30439617769651,1.30439617769651,1.,1.,1.,1.,                 497P   1775
-5.66715530142628,4.02697413493418,6.61443615523591,                 497P   1776
-5.66715530142628,4.00522231083991,6.00002051002365,                 497P   1777
-4.38048507230652,4.2411507382942,6.60685377702387,                  497P   1778
-4.38048507230652,4.21939891419994,5.99243813181161,0.,              497P   1779
0.61480055866357,0.,1.30439617769651;                                497P   1780
508,4,0,305,125,0,0,0,305,112,1,0,0,305,109,1,0,0,305,90,0,0;        499P   1781
510,497,1,1,499;                                                     501P   1782
128,1,8,1,2,0,1,0,0,1,-3.29469005783937,-3.29469005783937,           503P   1783
3.2946900507117,3.2946900507117,0.,0.,0.,0.31415926535898,           503P   1784
0.31415926535898,0.62831853071796,0.62831853071796,                  503P   1785
0.94247779607694,0.94247779607694,1.25663706143592,                  503P   1786
1.25663706143592,1.25663706143592,1.,1.,0.70710678118655,            503P   1787
0.70710678118655,1.,1.,0.70710678118655,0.70710678118655,1.,1.,      503P   1788
0.70710678118655,0.70710678118655,1.,1.,0.70710678118655,            503P   1789
0.70710678118655,1.,1.,-5.69899113477272,4.2010444602865,            503P   1790
6.40129035638256,-4.39904623459361,4.41770194364924,                 503P   1791
6.40129035638256,-5.66632347059427,4.0050384752154,                  503P   1792
6.42397245358347,-4.36637857041516,4.22169595857814,                 503P   1793
6.42397245358347,-5.67005238440405,4.02741195807414,                 503P   1794
6.6226820972009,-4.37010748422495,4.24406944143688,                  503P   1795
6.6226820972009,-5.67378129821383,4.04978544093288,                  503P   1796
6.82139174081834,-4.37383639803473,4.26644292429563,                 503P   1797
6.82139174081834,-5.70644896239228,4.24579142600398,                 503P   1798
6.79870964361744,-4.40650406221318,4.46244890936673,                 503P   1799
6.79870964361744,-5.73911662657073,4.44179741107508,                 503P   1800
6.77602754641653,-4.43917172639163,4.65845489443783,                 503P   1801
6.77602754641653,-5.73538771276095,4.41942392821634,                 503P   1802
6.5773179027991,-4.43544281258185,4.63608141157908,                  503P   1803
6.5773179027991,-5.73165879895117,4.3970504453576,                   503P   1804
6.37860825918166,-4.43171389877207,4.61370792872034,                 503P   1805
6.37860825918166,-5.69899113477272,4.2010444602865,                  503P   1806
6.40129035638256,-4.39904623459361,4.41770194364924,                 503P   1807
6.40129035638256,-3.29469005783937,3.2946900507117,0.,               503P   1808
1.25663706143592;                                                    503P   1809
508,4,0,305,51,0,0,0,305,124,1,0,0,305,125,1,0,0,305,58,0,0;         505P   1810
510,503,1,1,505;                                                     507P   1811
128,4,8,2,2,0,1,0,0,1,-1.5707963267949,-1.5707963267949,             509P   1812
-1.5707963267949,0.,0.,1.5707963267949,1.5707963267949,              509P   1813
1.5707963267949,0.,0.,0.,1.5707963267949,1.5707963267949,            509P   1814
3.14159265358979,3.14159265358979,4.71238898038469,                  509P   1815
4.71238898038469,6.28318530717959,6.28318530717959,                  509P   1816
6.28318530717959,1.,0.70710678118655,1.,0.70710678118655,1.,         509P   1817
0.70710678118655,0.5,0.70710678118655,0.5,0.70710678118655,1.,       509P   1818
0.70710678118655,1.,0.70710678118655,1.,0.70710678118655,0.5,        509P   1819
0.70710678118655,0.5,0.70710678118655,1.,0.70710678118655,1.,        509P   1820
0.70710678118655,1.,0.70710678118655,0.5,0.70710678118655,0.5,       509P   1821
0.70710678118655,1.,0.70710678118655,1.,0.70710678118655,1.,         509P   1822
0.70710678118655,0.5,0.70710678118655,0.5,0.70710678118655,1.,       509P   1823
0.70710678118655,1.,0.70710678118655,1.,-4.29332546048159,           509P   1824
4.57616817295621,6.600000000003,-4.4347468180868,                    509P   1825
4.71758952782562,6.600000000006,-4.57616817295621,                   509P   1826
4.57616817022041,6.600000000003,-4.71758952782562,                   509P   1827
4.4347468126152,6.6,-4.57616817022041,4.29332545774579,              509P   1828
6.599999999997,-4.29332546048159,4.57616817295621,                   509P   1829
6.600000000003,-4.4347468180868,4.71758952782137,6.800000000006,     509P   1830
-4.57616817295621,4.57616817021617,6.800000000003,                   509P   1831
-4.71758952782562,4.43474681261096,6.8,-4.57616817022041,            509P   1832
4.29332545774579,6.599999999997,-4.29332546048159,                   509P   1833
4.57616817295621,6.600000000003,-4.29332546048159,                   509P   1834
4.57616817295196,6.800000000003,-4.434746815351,                     509P   1835
4.43474681534676,6.8,-4.57616817022041,4.29332545774155,             509P   1836
6.799999999997,-4.57616817022041,4.29332545774579,                   509P   1837
6.599999999997,-4.29332546048159,4.57616817295621,                   509P   1838
6.600000000003,-4.15190410287638,4.43474681808256,6.8,               509P   1839
-4.29332545774579,4.29332546047735,6.799999999997,                   509P   1840
-4.4347468126152,4.15190410287214,6.799999999994,                    509P   1841
-4.57616817022041,4.29332545774579,6.599999999997,                   509P   1842
-4.29332546048159,4.57616817295621,6.600000000003,                   509P   1843
-4.15190410287638,4.4347468180868,6.6,-4.29332545774579,             509P   1844
4.29332546048159,6.599999999997,-4.4347468126152,                    509P   1845
4.15190410287638,6.599999999994,-4.57616817022041,                   509P   1846
4.29332545774579,6.599999999997,-4.29332546048159,                   509P   1847
4.57616817295621,6.600000000003,-4.15190410287638,                   509P   1848
4.43474681809104,6.4,-4.29332545774579,4.29332546048583,             509P   1849
6.399999999997,-4.4347468126152,4.15190410288062,6.399999999994,     509P   1850
-4.57616817022041,4.29332545774579,6.599999999997,                   509P   1851
-4.29332546048159,4.57616817295621,6.600000000003,                   509P   1852
-4.29332546048159,4.57616817296045,6.400000000003,                   509P   1853
-4.434746815351,4.43474681535524,6.4,-4.57616817022041,              509P   1854
4.29332545775003,6.399999999997,-4.57616817022041,                   509P   1855
4.29332545774579,6.599999999997,-4.29332546048159,                   509P   1856
4.57616817295621,6.600000000003,-4.4347468180868,                    509P   1857
4.71758952782986,6.400000000006,-4.57616817295621,                   509P   1858
4.57616817022465,6.400000000003,-4.71758952782562,                   509P   1859
4.43474681261944,6.4,-4.57616817022041,4.29332545774579,             509P   1860
6.599999999997,-4.29332546048159,4.57616817295621,                   509P   1861
6.600000000003,-4.4347468180868,4.71758952782562,6.600000000006,     509P   1862
-4.57616817295621,4.57616817022041,6.600000000003,                   509P   1863
-4.71758952782562,4.4347468126152,6.6,-4.57616817022041,             509P   1864
4.29332545774579,6.599999999997,-1.5707963267949,                    509P   1865
1.5707963267949,0.,6.28318530717959;                                 509P   1866
508,3,0,305,126,1,0,0,305,39,0,0,0,305,58,1,0;                       511P   1867
510,509,1,1,511;                                                     513P   1868
128,1,8,1,2,0,1,0,0,1,-1.55571097661024,-1.55571097661024,           515P   1869
1.53976036732958,1.53976036732958,0.,0.,0.,0.31415926535622,         515P   1870
0.31415926535622,0.62831853071243,0.62831853071243,                  515P   1871
0.94247779606865,0.94247779606865,1.25663706142487,                  515P   1872
1.25663706142487,1.25663706142487,1.,1.,0.70710678118655,            515P   1873
0.70710678118655,1.,1.,0.70710678118655,0.70710678118655,1.,1.,      515P   1874
0.70710678118655,0.70710678118655,1.,1.,0.70710678118655,            515P   1875
0.70710678118655,1.,1.,-4.63457993720083,4.44523061197189,           515P   1876
6.60019864330769,-4.61581081885597,4.42646149362648,                 515P   1877
5.98167366076256,-4.64504807119948,4.24558726833578,                 515P   1878
6.60593915823903,-4.62627895285462,4.22681814999037,                 515P   1879
5.9874141756939,-4.44541427345017,4.23530279581561,                  515P   1880
6.61230912059889,-4.42664515510531,4.2165336774702,                  515P   1881
5.99378413805376,-4.24578047570086,4.22501832329544,                 515P   1882
6.61867908295875,-4.227011357356,4.20624920495003,                   515P   1883
6.00015410041362,-4.23531234170221,4.42466166693155,                 515P   1884
6.61293856802741,-4.21654322335735,4.40589254858614,                 515P   1885
5.99441358548227,-4.22484420770356,4.62430501056766,                 515P   1886
6.60719805309606,-4.2060750893587,4.60553589222225,                  515P   1887
5.98867307055093,-4.42447800545287,4.63458948308783,                 515P   1888
6.60082809073621,-4.40570888710801,4.61582036474242,                 515P   1889
5.98230310819108,-4.62411180320218,4.644873955608,                   515P   1890
6.59445812837635,-4.60534268485732,4.62610483726259,                 515P   1891
5.97593314583122,-4.63457993720083,4.44523061197189,                 515P   1892
6.60019864330769,-4.61581081885597,4.42646149362648,                 515P   1893
5.98167366076256,-1.55571097661024,1.53976036732958,0.,              515P   1894
1.25663706142487;                                                    515P   1895
508,4,0,305,126,0,0,0,305,90,1,0,0,305,108,0,0,0,305,127,0,0;        517P   1896
510,515,1,1,517;                                                     519P   1897
128,1,1,1,1,0,0,1,0,0,0.,0.,0.85973306469056,0.85973306469056,       521P   1898
0.,0.,1.39773408217586,1.39773408217586,1.,1.,1.,1.,                 521P   1899
-4.24057139931803,4.43923467096359,6.86706906465986,                 521P   1900
-4.24057139931803,4.2606002230429,6.02609898401591,                  521P   1901
-4.00580164981204,5.78704015072011,6.58077530305967,                 521P   1902
-4.00580164981204,5.60840570279943,5.73980522241571,0.,              521P   1903
0.85973306469056,0.,1.39773408217586;                                521P   1904
508,4,0,305,128,0,0,0,305,127,1,0,0,305,8,1,0,0,305,129,0,0;         523P   1905
510,521,1,1,523;                                                     525P   1906
128,1,8,1,2,0,1,0,0,1,-3.29469005788916,-3.29469005788916,           527P   1907
3.29469004660608,3.29469004660608,0.,0.,0.,0.31415926535898,         527P   1908
0.31415926535898,0.62831853071796,0.62831853071796,                  527P   1909
0.94247779607694,0.94247779607694,1.25663706143592,                  527P   1910
1.25663706143592,1.25663706143592,1.,1.,0.70710678118655,            527P   1911
0.70710678118655,1.,1.,0.70710678118655,0.70710678118655,1.,1.,      527P   1912
0.70710678118655,0.70710678118655,1.,1.,0.70710678118655,            527P   1913
0.70710678118655,1.,1.,-4.4177019435156,4.39904623540139,            527P   1914
6.40129035638248,-4.20104446028621,5.69899113478036,                 527P   1915
6.40129035638248,-4.22169595844443,4.36637857122292,                 527P   1916
6.4239724535827,-4.00503847521504,5.6663234706019,                   527P   1917
6.4239724535827,-4.24406944130249,4.37010748503259,                  527P   1918
6.62268209720022,-4.0274119580731,5.67005238441157,                  527P   1919
6.62268209720022,-4.26644292416055,4.37383639884226,                 527P   1920
6.82139174081773,-4.04978544093116,5.67378129822124,                 527P   1921
6.82139174081773,-4.46244890923173,4.40650406302073,                 527P   1922
6.79870964361752,-4.24579142600234,5.7064489623997,                  527P   1923
6.79870964361752,-4.65845489430291,4.43917172719919,                 527P   1924
6.7760275464173,-4.44179741107352,5.73911662657816,                  527P   1925
6.7760275464173,-4.63608141144485,4.43544281338952,                  527P   1926
6.57731790279978,-4.41942392821546,5.7353877127685,                  527P   1927
6.57731790279978,-4.61370792858678,4.43171389957985,                 527P   1928
6.37860825918227,-4.39705044535739,5.73165879895883,                 527P   1929
6.37860825918227,-4.4177019435156,4.39904623540139,                  527P   1930
6.40129035638248,-4.20104446028621,5.69899113478036,                 527P   1931
6.40129035638248,-3.29469005788916,3.29469004660608,0.,              527P   1932
1.25663706143592;                                                    527P   1933
508,4,0,305,88,0,0,0,305,39,1,0,0,305,128,1,0,0,305,100,0,0;         529P   1934
510,527,1,1,529;                                                     531P   1935
128,4,8,2,2,0,1,0,0,1,-1.5707963267949,-1.5707963267949,             533P   1936
-1.5707963267949,0.,0.,1.5707963267949,1.5707963267949,              533P   1937
1.5707963267949,0.,0.,0.,1.5707963267949,1.5707963267949,            533P   1938
3.14159265358979,3.14159265358979,4.71238898038469,                  533P   1939
4.71238898038469,6.28318530717959,6.28318530717959,                  533P   1940
6.28318530717959,1.,0.70710678118655,1.,0.70710678118655,1.,         533P   1941
0.70710678118655,0.5,0.70710678118655,0.5,0.70710678118655,1.,       533P   1942
0.70710678118655,1.,0.70710678118655,1.,0.70710678118655,0.5,        533P   1943
0.70710678118655,0.5,0.70710678118655,1.,0.70710678118655,1.,        533P   1944
0.70710678118655,1.,0.70710678118655,0.5,0.70710678118655,0.5,       533P   1945
0.70710678118655,1.,0.70710678118655,1.,0.70710678118655,1.,         533P   1946
0.70710678118655,0.5,0.70710678118655,0.5,0.70710678118655,1.,       533P   1947
0.70710678118655,1.,0.70710678118655,1.,-4.37016791182021,           533P   1948
5.81216973726641,6.6000000000018,-4.51158926664361,                  533P   1949
5.6707483796152,6.6,-4.37016790899241,5.52932702479179,              533P   1950
6.5999999999982,-4.2287465513412,5.38790566996839,                   533P   1951
6.5999999999964,-4.08732519651779,5.52932702761959,                  533P   1952
6.5999999999982,-4.37016791182021,5.81216973726641,                  533P   1953
6.6000000000018,-4.51158926664361,5.67074837961266,6.8,              533P   1954
-4.37016790899241,5.52932702478925,6.7999999999982,                  533P   1955
-4.2287465513412,5.38790566996584,6.7999999999964,                   533P   1956
-4.08732519651779,5.52932702761959,6.5999999999982,                  533P   1957
-4.37016791182021,5.81216973726641,6.6000000000018,                  533P   1958
-4.37016791182021,5.81216973726386,6.80000000000179,                 533P   1959
-4.228746554169,5.67074838244046,6.8,-4.08732519651779,              533P   1960
5.52932702761705,6.7999999999982,-4.08732519651779,                  533P   1961
5.52932702761959,6.5999999999982,-4.37016791182021,                  533P   1962
5.81216973726641,6.6000000000018,-4.2287465569968,                   533P   1963
5.95359109491507,6.80000000000359,-4.08732519934559,                 533P   1964
5.81216974009166,6.80000000000179,-3.94590384169439,                 533P   1965
5.67074838526826,6.8,-4.08732519651779,5.52932702761959,             533P   1966
6.5999999999982,-4.37016791182021,5.81216973726641,                  533P   1967
6.6000000000018,-4.2287465569968,5.95359109491761,                   533P   1968
6.6000000000036,-4.08732519934559,5.81216974009421,                  533P   1969
6.6000000000018,-3.94590384169439,5.6707483852708,6.6,               533P   1970
-4.08732519651779,5.52932702761959,6.5999999999982,                  533P   1971
-4.37016791182021,5.81216973726641,6.6000000000018,                  533P   1972
-4.2287465569968,5.95359109492016,6.4000000000036,                   533P   1973
-4.08732519934559,5.81216974009675,6.4000000000018,                  533P   1974
-3.94590384169439,5.67074838527334,6.4,-4.08732519651779,            533P   1975
5.52932702761959,6.5999999999982,-4.37016791182021,                  533P   1976
5.81216973726641,6.6000000000018,-4.37016791182021,                  533P   1977
5.81216973726895,6.4000000000018,-4.228746554169,                    533P   1978
5.67074838244554,6.4,-4.08732519651779,5.52932702762214,             533P   1979
6.3999999999982,-4.08732519651779,5.52932702761959,                  533P   1980
6.5999999999982,-4.37016791182021,5.81216973726641,                  533P   1981
6.6000000000018,-4.51158926664361,5.67074837961774,6.4,              533P   1982
-4.37016790899241,5.52932702479434,6.3999999999982,                  533P   1983
-4.2287465513412,5.38790566997093,6.39999999999641,                  533P   1984
-4.08732519651779,5.52932702761959,6.5999999999982,                  533P   1985
-4.37016791182021,5.81216973726641,6.6000000000018,                  533P   1986
-4.51158926664361,5.6707483796152,6.6,-4.37016790899241,             533P   1987
5.52932702479179,6.5999999999982,-4.2287465513412,                   533P   1988
5.38790566996839,6.5999999999964,-4.08732519651779,                  533P   1989
5.52932702761959,6.5999999999982,-1.5707963267949,                   533P   1990
1.5707963267949,0.,6.28318530717959;                                 533P   1991
508,3,0,305,130,1,0,0,305,68,0,0,0,305,100,1,0;                      535P   1992
510,533,1,1,535;                                                     537P   1993
128,1,8,1,2,0,1,0,0,1,-1.60654329554141,-1.60654329554141,           539P   1994
1.55755424855774,1.55755424855774,0.,0.,0.,0.31415926535803,         539P   1995
0.31415926535803,0.62831853071605,0.62831853071605,                  539P   1996
0.94247779607408,0.94247779607408,1.25663706143211,                  539P   1997
1.25663706143211,1.25663706143211,1.,1.,0.70710678118655,            539P   1998
0.70710678118655,1.,1.,0.70710678118655,0.70710678118655,1.,1.,      539P   1999
0.70710678118655,0.70710678118655,1.,1.,0.70710678118655,            539P   2000
0.70710678118655,1.,1.,-4.17437152156944,5.47792225737469,           539P   2001
6.60890451372126,-4.14753587162673,5.50475790731736,                 539P   2002
5.97722403553244,-3.98227007908236,5.53257702784976,                 539P   2003
6.61938744548959,-3.95543442913966,5.55941267779243,                 539P   2004
5.98770696730077,-4.0372710190839,5.7247772455161,                   539P   2005
6.62521607549309,-4.0104353691412,5.75161289545877,                  539P   2006
5.99353559730427,-4.09227195908544,5.91697746318243,                 539P   2007
6.63104470549659,-4.06543630914274,5.9438131131251,                  539P   2008
5.99936422730778,-4.28437340157252,5.86232269270736,                 539P   2009
6.62056177372826,-4.25753775162982,5.88915834265003,                 539P   2010
5.98888129553945,-4.4764748440596,5.80766792223229,                  539P   2011
6.61007884195994,-4.44963919411689,5.83450357217497,                 539P   2012
5.97839836377112,-4.42147390405806,5.61546770456596,                 539P   2013
6.60425021195643,-4.39463825411535,5.64230335450863,                 539P   2014
5.97256973376762,-4.36647296405652,5.42326748689962,                 539P   2015
6.59842158195293,-4.33963731411381,5.4501031368423,                  539P   2016
5.96674110376412,-4.17437152156944,5.47792225737469,                 539P   2017
6.60890451372126,-4.14753587162673,5.50475790731736,                 539P   2018
5.97722403553244,-1.60654329554141,1.55755424855774,0.,              539P   2019
1.25663706143211;                                                    539P   2020
508,4,0,305,130,0,0,0,305,129,1,0,0,305,106,0,0,0,305,131,0,0;       541P   2021
510,539,1,1,541;                                                     543P   2022
128,1,1,1,1,0,0,1,0,0,0.,0.,0.85973306464775,0.85973306464775,       545P   2023
0.,0.,1.39773408219716,1.39773408219716,1.,1.,1.,1.,                 545P   2024
-5.63889471358781,5.65892353728981,6.02609898401885,                 545P   2025
-5.46026026568281,5.65892353728981,6.86706906462237,                 545P   2026
-4.29108923380838,5.89369328679899,5.73980522242516,                 545P   2027
-4.11245478590338,5.89369328679899,6.58077530302868,0.,              545P   2028
0.85973306464775,0.,1.39773408219716;                                545P   2029
508,4,0,305,119,0,0,0,305,131,1,0,0,305,19,1,0,0,305,107,0,0;        547P   2030
510,545,1,1,547;                                                     549P   2031
128,1,1,1,1,0,0,1,0,0,0.,0.,4.850121834596,4.850121834596,0.,0.,     551P   2032
0.850518112654,0.850518112654,1.,1.,1.,1.,6.050121834596,            551P   2033
-6.22031734593184,5.99999999999999,1.2,-6.22031734593184,            551P   2034
5.99999999999999,6.050121834596,-6.25000000000016,                   551P   2035
5.15000000000001,1.2,-6.25000000000016,5.15000000000001,0.,          551P   2036
4.850121834596,0.,0.850518112654;                                    551P   2037
508,4,0,305,81,1,0,0,305,104,1,0,0,305,132,1,0,0,305,61,0,0;         553P   2038
510,551,1,1,553;                                                     555P   2039
128,1,1,1,1,0,0,1,0,0,0.,0.,3.361913954737,3.361913954737,0.,0.,     557P   2040
0.85051811265527,0.85051811265527,1.,1.,1.,1.,-1.2,                  557P   2041
-6.22031734593184,6.00000000000011,-4.561913954737,                  557P   2042
-6.22031734593184,6.00000000000011,-1.2,-6.2500000000002,            557P   2043
5.14999999999885,-4.561913954737,-6.2500000000002,                   557P   2044
5.14999999999885,0.,3.361913954737,0.,0.85051811265527;              557P   2045
508,4,0,305,133,1,0,0,305,64,0,0,0,305,134,0,0,0,305,98,1,0;         559P   2046
510,557,1,1,559;                                                     561P   2047
128,1,1,1,1,0,0,1,0,0,0.,0.,0.3,0.3,0.,0.,0.85,0.85,1.,1.,1.,1.,     563P   2048
1.2,-6.25,5.15,1.2,-5.95,5.15,1.2,-6.25,6.,1.2,-5.95,6.,0.,0.3,      563P   2049
0.,0.85;                                                             563P   2050
508,4,0,305,132,0,0,0,305,102,1,0,0,305,135,0,0,0,305,62,0,0;        565P   2051
510,563,1,1,565;                                                     567P   2052
128,1,1,1,1,0,0,1,0,0,0.,0.,2.4,2.4,0.,0.,0.85,0.85,1.,1.,1.,1.,     569P   2053
-1.2,-5.95,6.,1.2,-5.95,6.,-1.2,-5.95,5.15,1.2,-5.95,5.15,0.,        569P   2054
2.4,0.,0.85;                                                         569P   2055
508,4,0,305,14,1,0,0,305,135,1,0,0,305,101,0,0,0,305,136,0,0;        571P   2056
510,569,1,1,571;                                                     573P   2057
128,1,1,1,1,0,0,1,0,0,0.,0.,0.85,0.85,0.,0.,0.3,0.3,1.,1.,1.,1.,     575P   2058
-1.2,-6.25,5.15,-1.2,-6.25,6.,-1.2,-5.95,5.15,-1.2,-5.95,6.,0.,      575P   2059
0.85,0.,0.3;                                                         575P   2060
508,4,0,305,134,1,0,0,305,63,1,0,0,305,136,1,0,0,305,99,0,0;         577P   2061
510,575,1,1,577;                                                     579P   2062
128,3,6,3,3,0,0,0,0,0,0.04652678259747,0.04652678259747,             581P   2063
0.04652678259747,0.04652678259747,0.95347361989515,                  581P   2064
0.95347361989515,0.95347361989515,0.95347361989515,                  581P   2065
0.390621055291,0.390621055291,0.390621055291,0.390621055291,         581P   2066
0.3929739760756,0.4049238100385,0.4176975487479,0.4259666681928,     581P   2067
0.4259666681928,0.4259666681928,0.4259666681928,                     581P   2068
1.16385576376221,0.94538131512287,0.94538141207937,                  581P   2069
1.16385605463172,1.16385576376221,0.94538131512287,                  581P   2070
0.94538141207937,1.16385605463172,1.16385576376221,                  581P   2071
0.94538131512287,0.94538141207937,1.16385605463172,                  581P   2072
1.16385576376221,0.94538131512287,0.94538141207937,                  581P   2073
1.16385605463172,1.16385576376221,0.94538131512287,                  581P   2074
0.94538141207937,1.16385605463172,1.16385576376221,                  581P   2075
0.94538131512287,0.94538141207937,1.16385605463172,                  581P   2076
1.16385576376221,0.94538131512287,0.94538141207937,                  581P   2077
1.16385605463172,-4.52365103555861,-6.21958818838477,                581P   2078
6.01098352890375,-4.63758147904031,-6.22617023294915,                581P   2079
6.01469395116252,-4.72409564398814,-6.15165491404338,                581P   2080
6.01473482446233,-4.73447322652625,-6.03800543210645,                581P   2081
6.01108313198818,-4.52431261898105,-6.22027023559846,                581P   2082
5.99156756944358,-4.63824532229411,-6.22681321533988,                581P   2083
5.9952779007793,-4.72473396262288,-6.15226826121733,                 581P   2084
5.99531787384822,-4.7350726102467,-6.03861526268962,                 581P   2085
5.99166497879915,-4.52833654331637,-6.22441602286808,                581P   2086
5.87354339196996,-4.64228287659143,-6.23072126854404,                581P   2087
5.87725316974957,-4.72861609564154,-6.15599605069308,                581P   2088
5.87728766205574,-4.73871779602782,-6.04232177398556,                581P   2089
5.87362744551995,-4.53598125179687,-6.23226220618493,                581P   2090
5.65011306278458,-4.64995214877762,-6.23811428294223,                581P   2091
5.65382178268755,-4.7359880867728,-6.16304643250038,                 581P   2092
5.65384580095275,-4.74563807476429,-6.04933301248466,                581P   2093
5.65017159265309,-4.54535419194688,-6.24181799089229,                581P   2094
5.37786508879438,-4.6593523138456,-6.24711120430961,                 581P   2095
5.38157249817521,-4.74501943438171,-6.17162294199431,                581P   2096
5.38158354094806,-4.75411226158659,-6.0578643157974,                 581P   2097
5.37789199931697,-4.55136425472884,-6.24791000522595,                581P   2098
5.20422532516303,-4.66537821396577,-6.25284308029667,                581P   2099
5.2079318866763,-4.75080643997419,-6.17708508680984,                 581P   2100
5.20793453470798,-4.75954017391154,-6.06329903526375,                581P   2101
5.20423177894916,-4.55373099625795,-6.25030352979793,                581P   2102
5.13599102404203,-4.66775093721688,-6.25509450552956,                581P   2103
5.13969725048212,-4.75308471127968,-6.17923027043892,                581P   2104
5.13969658095736,-4.76167675008685,-6.06543366480023,                581P   2105
5.13598939343462,0.04652678259747,0.95347361989515,                  581P   2106
0.390621055291,0.4259666681928;                                      581P   2107
508,4,0,305,12,0,0,0,305,133,0,0,0,305,97,0,0,0,305,137,1,0;         583P   2108
510,581,1,1,583;                                                     585P   2109
128,1,8,1,2,0,1,0,0,1,-0.51307925639949,-0.51307925639949,           587P   2110
0.04377978265338,0.04377978265338,0.,0.,0.,2.39915424468236,         587P   2111
2.39915424468236,4.79830848936472,4.79830848936472,                  587P   2112
7.19746273404708,7.19746273404708,9.59661697872943,                  587P   2113
9.59661697872943,9.59661697872943,1.,1.,0.70710678118655,            587P   2114
0.70710678118655,1.,1.,0.70710678118655,0.70710678118655,1.,1.,      587P   2115
0.70710678118655,0.70710678118655,1.,1.,0.70710678118655,            587P   2116
0.70710678118655,1.,1.,-6.59197135923107,-7.71049840447189,          587P   2117
5.14999999999747,-6.59873843760264,-7.73939938374348,6.,             587P   2118
-8.05246976370295,-7.36852704524082,5.14999999999747,                587P   2119
-8.08813782134612,-7.39066094614085,6.,-7.71049840447189,            587P   2120
-5.90802864076893,5.14999999999747,-7.73939938374348,                587P   2121
-5.90126156239736,6.,-7.36852704524082,-4.44753023629705,            587P   2122
5.14999999999747,-7.39066094614085,-4.41186217865388,6.,             587P   2123
-5.90802864076893,-4.78950159552811,5.14999999999747,                587P   2124
-5.90126156239736,-4.76060061625652,6.,-4.44753023629705,            587P   2125
-5.13147295475918,5.14999999999747,-4.41186217865388,                587P   2126
-5.10933905385915,6.,-4.78950159552811,-6.59197135923107,            587P   2127
5.14999999999747,-4.76060061625652,-6.59873843760264,6.,             587P   2128
-5.13147295475918,-8.05246976370295,5.14999999999747,                587P   2129
-5.10933905385915,-8.08813782134612,6.,-6.59197135923107,            587P   2130
-7.71049840447189,5.14999999999747,-6.59873843760264,                587P   2131
-7.73939938374348,6.,-0.51307925639949,0.04377978265338,0.,          587P   2132
9.59661697872943;                                                    587P   2133
508,4,0,305,21,1,0,0,305,20,1,0,0,305,137,0,0,0,305,96,0,0;          589P   2134
510,587,1,1,589;                                                     591P   2135
128,3,5,3,3,0,0,0,0,0,0.0465267825877,0.0465267825877,               593P   2136
0.0465267825877,0.0465267825877,0.95347361998423,                    593P   2137
0.95347361998423,0.95347361998423,0.95347361998423,                  593P   2138
0.5655872997489,0.5655872997489,0.5655872997489,0.5655872997489,     593P   2139
0.5761413939407,0.5888564337965,0.6009330834716,0.6009330834716,     593P   2140
0.6009330834716,0.6009330834716,1.16385576384907,                    593P   2141
0.94538131507485,0.94538141205045,1.16385605477588,                  593P   2142
1.16385576384907,0.94538131507485,0.94538141205045,                  593P   2143
1.16385605477588,1.16385576384907,0.94538131507485,                  593P   2144
0.94538141205045,1.16385605477588,1.16385576384907,                  593P   2145
0.94538131507485,0.94538141205045,1.16385605477588,                  593P   2146
1.16385576384907,0.94538131507485,0.94538141205045,                  593P   2147
1.16385605477588,1.16385576384907,0.94538131507485,                  593P   2148
0.94538141205045,1.16385605477588,-6.25030352904071,                 593P   2149
-4.55373099554259,5.13599104474021,-6.255094504863,                  593P   2150
-4.66775093652826,5.13969727118364,-6.17923026979673,                593P   2151
-4.75308471065172,5.13969660166117,-6.06543366413224,                593P   2152
-4.76167674949398,5.13598941413856,-6.24724862558043,                593P   2153
-4.55071027582066,5.2230798530271,-6.25222096564052,                 593P   2154
-4.66472258221458,5.22678650713096,-6.17649232886644,                593P   2155
-4.7501769072525,5.22679007187292,-6.06270919360285,                 593P   2156
-4.75894979443187,5.2230885406993,-6.24051179338837,                 593P   2157
-4.5440682794471,5.41508941144499,-6.24588192264403,                 593P   2158
-4.65806288511062,5.41879700164471,-6.17045136069825,                593P   2159
-4.7437809310909,5.41880983467405,-6.05669872556882,                 593P   2160
-4.75295044679742,5.41512068455762,-6.23027357426056,                593P   2161
-4.53403828640904,5.70675348291541,-6.23624110784463,                593P   2162
-4.64800318829748,5.71046247284728,-6.16126036905695,                593P   2163
-4.73411505527163,5.71048916464083,-6.04755665877545,                593P   2164
-4.743880136984,5.70681852777585,-6.22308886044175,                  593P   2165
-4.52704667499168,5.91132927519626,-6.22947040117172,                593P   2166
-4.64098871733553,5.91503923078674,-6.15480297668792,                593P   2167
-4.7273718748331,5.91507548356754,-6.04113544545451,                 593P   2168
-4.73754962024943,5.91141761876354,-6.21958818775386,                593P   2169
-4.52365103485893,6.01098354666504,-6.22617023241191,                593P   2170
-4.63758147838107,6.0146939689279,-6.15165491352419,                 593P   2171
-4.72409564340236,6.01473484222918,-6.03800543154724,                593P   2172
-4.73447322598033,6.01108314975425,0.0465267825877,                  593P   2173
0.95347361998423,0.5655872997489,0.6009330834716;                    593P   2174
508,4,0,305,95,0,0,0,305,138,0,0,0,305,65,0,0,0,305,7,1,0;           595P   2175
510,593,1,1,595;                                                     597P   2176
128,1,1,1,1,0,0,1,0,0,0.,0.,4.850121834596,4.850121834596,0.,0.,     599P   2177
0.850518112654,0.850518112654,1.,1.,1.,1.,-6.22031734593184,1.2,     599P   2178
5.99999999999999,-6.22031734593184,6.050121834596,                   599P   2179
5.99999999999999,-6.25000000000016,1.2,5.15000000000001,             599P   2180
-6.25000000000016,6.050121834596,5.15000000000001,0.,                599P   2181
4.850121834596,0.,0.850518112654;                                    599P   2182
508,4,0,305,139,0,0,0,305,71,1,0,0,305,140,0,0,0,305,87,0,0;         601P   2183
510,599,1,1,601;                                                     603P   2184
128,1,1,1,1,0,0,1,0,0,0.,0.,3.361913954737,3.361913954737,0.,0.,     605P   2185
0.85051811265437,0.85051811265437,1.,1.,1.,1.,-6.22031734593184,     605P   2186
-4.561913954737,6.00000000000016,-6.22031734593184,-1.2,             605P   2187
6.00000000000016,-6.25000000000016,-4.561913954737,                  605P   2188
5.1499999999998,-6.25000000000016,-1.2,5.1499999999998,0.,           605P   2189
3.361913954737,0.,0.85051811265437;                                  605P   2190
508,4,0,305,138,1,0,0,305,94,0,0,0,305,52,1,0,0,305,66,1,0;          607P   2191
510,605,1,1,607;                                                     609P   2192
128,1,8,1,2,0,1,0,0,1,-2.15514123934111,-2.15514123934111,           611P   2193
2.16975234187826,2.16975234187826,0.,0.,0.,0.31415926534983,         611P   2194
0.31415926534983,0.62831853069966,0.62831853069966,                  611P   2195
0.94247779604949,0.94247779604949,1.25663706139932,                  611P   2196
1.25663706139932,1.25663706139932,1.,1.,0.70710678118655,            611P   2197
0.70710678118655,1.,1.,0.70710678118655,0.70710678118655,1.,1.,      611P   2198
0.70710678118655,0.70710678118655,1.,1.,0.70710678118655,            611P   2199
0.70710678118655,1.,1.,-6.07303328173109,5.85174878055227,           611P   2200
5.12991294698946,-6.0428643268005,5.82157982562129,                  611P   2201
5.99383878166979,-6.27162202409582,5.87417518433887,                 611P   2202
5.13763096596234,-6.24145306916523,5.84400622940788,                 611P   2203
6.00155680064267,-6.24895372739775,6.07279138881976,                 611P   2204
5.14377520229262,-6.21878477246716,6.04262243388878,                 611P   2205
6.00770103697295,-6.22628543069969,6.27140759330065,                 611P   2206
5.1499194386229,-6.1961164757691,6.24123863836967,                   611P   2207
6.01384527330323,-6.02769668833496,6.24898118951406,                 611P   2208
5.14220141965002,-5.99752773340437,6.21881223458308,                 611P   2209
6.00612725433035,-5.82910794597022,6.22655478572747,                 611P   2210
5.13448340067714,-5.79893899103963,6.19638583079649,                 611P   2211
5.99840923535746,-5.85177624266829,6.02793858124658,                 611P   2212
5.12833916434686,-5.8216072877377,5.99776962631559,                  611P   2213
5.99226499902718,-5.87444453936636,5.82932237676568,                 611P   2214
5.12219492801658,-5.84427558443577,5.7991534218347,                  611P   2215
5.9861207626969,-6.07303328173109,5.85174878055227,                  611P   2216
5.12991294698946,-6.0428643268005,5.82157982562129,                  611P   2217
5.99383878166979,-2.15514123934111,2.16975234187826,0.,              611P   2218
1.25663706139932;                                                    611P   2219
508,4,0,305,55,0,0,0,305,141,0,0,0,305,72,0,0,0,305,139,1,0;         613P   2220
510,611,1,1,613;                                                     615P   2221
128,1,1,1,1,0,0,1,0,0,0.,0.,4.850121834596,4.850121834596,0.,0.,     617P   2222
0.850518112654,0.850518112654,1.,1.,1.,1.,-6.050121834596,           617P   2223
6.22031734593184,5.99999999999999,-1.2,6.22031734593184,             617P   2224
5.99999999999999,-6.050121834596,6.25000000000016,                   617P   2225
5.15000000000001,-1.2,6.25000000000016,5.15000000000001,0.,          617P   2226
4.850121834596,0.,0.850518112654;                                    617P   2227
508,4,0,305,141,1,0,0,305,53,1,0,0,305,142,1,0,0,305,73,0,0;         619P   2228
510,617,1,1,619;                                                     621P   2229
128,1,1,1,1,0,0,1,0,0,0.,0.,3.361913954737,3.361913954737,0.,0.,     623P   2230
0.85051811265527,0.85051811265527,1.,1.,1.,1.,1.2,                   623P   2231
6.22031734593184,6.00000000000011,4.561913954737,                    623P   2232
6.22031734593184,6.00000000000011,1.2,6.2500000000002,               623P   2233
5.14999999999885,4.561913954737,6.2500000000002,                     623P   2234
5.14999999999885,0.,3.361913954737,0.,0.85051811265527;              623P   2235
508,4,0,305,143,1,0,0,305,75,0,0,0,305,144,0,0,0,305,86,1,0;         625P   2236
510,623,1,1,625;                                                     627P   2237
128,1,1,1,1,0,0,1,0,0,0.,0.,0.85,0.85,0.,0.,0.3,0.3,1.,1.,1.,1.,     629P   2238
-1.2,5.95,5.15,-1.2,5.95,6.,-1.2,6.25,5.15,-1.2,6.25,6.,0.,0.85,     629P   2239
0.,0.3;                                                              629P   2240
508,4,0,305,142,0,0,0,305,1,1,0,0,305,145,0,0,0,305,74,0,0;          631P   2241
510,629,1,1,631;                                                     633P   2242
128,1,1,1,1,0,0,1,0,0,0.,0.,0.85,0.85,0.,0.,2.4,2.4,1.,1.,1.,1.,     635P   2243
-1.2,5.95,6.,-1.2,5.95,5.15,1.2,5.95,6.,1.2,5.95,5.15,0.,0.85,       635P   2244
0.,2.4;                                                              635P   2245
508,4,0,305,26,1,0,0,305,145,1,0,0,305,49,0,0,0,305,146,0,0;         637P   2246
510,635,1,1,637;                                                     639P   2247
128,1,1,1,1,0,0,1,0,0,0.,0.,0.3,0.3,0.,0.,0.85,0.85,1.,1.,1.,1.,     641P   2248
1.2,5.95,5.15,1.2,6.25,5.15,1.2,5.95,6.,1.2,6.25,6.,0.,0.3,0.,       641P   2249
0.85;                                                                641P   2250
508,4,0,305,144,1,0,0,305,29,1,0,0,305,146,1,0,0,305,22,0,0;         643P   2251
510,641,1,1,643;                                                     645P   2252
128,3,6,3,3,0,0,0,0,0,0.04652678259748,0.04652678259748,             647P   2253
0.04652678259748,0.04652678259748,0.95347361989523,                  647P   2254
0.95347361989523,0.95347361989523,0.95347361989523,                  647P   2255
0.390621055291,0.390621055291,0.390621055291,0.390621055291,         647P   2256
0.3929739760753,0.4049238100382,0.4176975487476,0.4259666681928,     647P   2257
0.4259666681928,0.4259666681928,0.4259666681928,1.1638557637622,     647P   2258
0.94538131512285,0.94538141207938,1.16385605463177,                  647P   2259
1.1638557637622,0.94538131512285,0.94538141207938,                   647P   2260
1.16385605463177,1.1638557637622,0.94538131512285,                   647P   2261
0.94538141207938,1.16385605463177,1.1638557637622,                   647P   2262
0.94538131512285,0.94538141207938,1.16385605463177,                  647P   2263
1.1638557637622,0.94538131512285,0.94538141207938,                   647P   2264
1.16385605463177,1.1638557637622,0.94538131512285,                   647P   2265
0.94538141207938,1.16385605463177,1.1638557637622,                   647P   2266
0.94538131512285,0.94538141207938,1.16385605463177,                  647P   2267
4.52365103555862,6.21958818838477,6.01098352890286,                  647P   2268
4.63758147904033,6.22617023294915,6.01469395116246,                  647P   2269
4.72409564398816,6.15165491404337,6.01473482446227,                  647P   2270
4.73447322652625,6.03800543210643,6.01108313198729,                  647P   2271
4.52431261898106,6.22027023559846,5.99156756944569,                  647P   2272
4.63824532229412,6.22681321533988,5.99527790078225,                  647P   2273
4.72473396262289,6.15226826121731,5.99531787385122,                  647P   2274
4.7350726102467,6.0386152626896,5.99166497880215,                    647P   2275
4.52833654331637,6.22441602286808,5.87354339197595,                  647P   2276
4.64228287659144,6.23072126854404,5.87725316975549,                  647P   2277
4.72861609564155,6.15599605069307,5.87728766206088,                  647P   2278
4.73871779602783,6.04232177398554,5.87362744552585,                  647P   2279
4.53598125179688,6.23226220618404,5.65011306279268,                  647P   2280
4.64995214877763,6.23811428294217,5.65382178269641,                  647P   2281
4.73598808677282,6.16304643250036,5.65384580096089,                  647P   2282
4.74563807476429,6.04933301248464,5.65017159266199,                  647P   2283
4.54535419194678,6.24181799089229,5.37786508880037,                  647P   2284
4.65935231384476,6.24711120430952,5.38157249818112,                  647P   2285
4.74501943438159,6.17162294199343,5.38158354095314,                  647P   2286
4.7541122615857,6.05786431579727,5.37789199932197,                   647P   2287
4.55136425472884,6.24791000522595,5.20422532516602,                  647P   2288
4.66537821396578,6.25284308029667,5.20793188667922,                  647P   2289
4.75080643997421,6.17708508680982,5.20793453471007,                  647P   2290
4.75954017391154,6.06329903526373,5.20423177895116,                  647P   2291
4.55373099625796,6.25030352979793,5.13599102404113,                  647P   2292
4.66775093721689,6.25509450552955,5.13969725048197,                  647P   2293
4.7530847112797,6.1792302704389,5.13969658095644,                    647P   2294
4.76167675008685,6.06543366480021,5.13598939343363,                  647P   2295
0.04652678259748,0.95347361989523,0.390621055291,                    647P   2296
0.4259666681928;                                                     647P   2297
508,4,0,305,76,0,0,0,305,143,0,0,0,305,85,0,0,0,305,147,1,0;         649P   2298
510,647,1,1,649;                                                     651P   2299
128,1,8,1,2,0,1,0,0,1,-0.51307925639949,-0.51307925639949,           653P   2300
0.04377978265338,0.04377978265338,0.,0.,0.,2.39915424468236,         653P   2301
2.39915424468236,4.79830848936472,4.79830848936472,                  653P   2302
7.19746273404708,7.19746273404708,9.59661697872944,                  653P   2303
9.59661697872944,9.59661697872944,1.,1.,0.70710678118655,            653P   2304
0.70710678118655,1.,1.,0.70710678118655,0.70710678118655,1.,1.,      653P   2305
0.70710678118655,0.70710678118655,1.,1.,0.70710678118655,            653P   2306
0.70710678118655,1.,1.,6.59197135923005,7.71049840447212,            653P   2307
5.14999999999747,6.59873843760161,7.73939938374373,6.,               653P   2308
8.05246976370218,7.36852704524207,5.14999999999747,                  653P   2309
8.08813782134533,7.39066094614212,6.,7.71049840447212,               653P   2310
5.90802864076995,5.14999999999747,7.73939938374373,                  653P   2311
5.90126156239839,6.,7.36852704524207,4.44753023629782,               653P   2312
5.14999999999747,7.39066094614212,4.41186217865467,6.,               653P   2313
5.90802864076995,4.78950159552788,5.14999999999747,                  653P   2314
5.90126156239839,4.76060061625627,6.,4.44753023629782,               653P   2315
5.13147295475793,5.14999999999747,4.41186217865467,                  653P   2316
5.10933905385788,6.,4.78950159552788,6.59197135923005,               653P   2317
5.14999999999747,4.76060061625627,6.59873843760161,6.,               653P   2318
5.13147295475793,8.05246976370218,5.14999999999747,                  653P   2319
5.10933905385788,8.08813782134533,6.,6.59197135923005,               653P   2320
7.71049840447212,5.14999999999747,6.59873843760161,                  653P   2321
7.73939938374373,6.,-0.51307925639949,0.04377978265338,0.,           653P   2322
9.59661697872944;                                                    653P   2323
508,4,0,305,6,1,0,0,305,79,1,0,0,305,147,0,0,0,305,47,0,0;           655P   2324
510,653,1,1,655;                                                     657P   2325
128,3,5,3,3,0,0,0,0,0,0.04652678258764,0.04652678258764,             659P   2326
0.04652678258764,0.04652678258764,0.95347361998424,                  659P   2327
0.95347361998424,0.95347361998424,0.95347361998424,                  659P   2328
0.5655872997489,0.5655872997489,0.5655872997489,0.5655872997489,     659P   2329
0.5761413939411,0.5888564337969,0.6009330834716,0.6009330834716,     659P   2330
0.6009330834716,0.6009330834716,1.16385576384911,                    659P   2331
0.94538131507485,0.94538141205044,1.16385605477589,                  659P   2332
1.16385576384911,0.94538131507485,0.94538141205044,                  659P   2333
1.16385605477589,1.16385576384911,0.94538131507485,                  659P   2334
0.94538141205044,1.16385605477589,1.16385576384911,                  659P   2335
0.94538131507485,0.94538141205044,1.16385605477589,                  659P   2336
1.16385576384911,0.94538131507485,0.94538141205044,                  659P   2337
1.16385605477589,1.16385576384911,0.94538131507485,                  659P   2338
0.94538141205044,1.16385605477589,6.25030352904071,                  659P   2339
4.55373099554257,5.13599104474032,6.25509450486301,                  659P   2340
4.66775093652825,5.1396972711845,6.17923026979674,                   659P   2341
4.75308471065172,5.13969660166125,6.06543366413223,                  659P   2342
4.76167674949398,5.13598941413857,6.24724862558043,                  659P   2343
4.55071027582064,5.2230798530302,6.25222096564053,                   659P   2344
4.66472258221457,5.22678650713482,6.1764923288664,                   659P   2345
4.7501769072525,5.22679007187601,6.06270919360196,                   659P   2346
4.75894979443187,5.2230885407023,6.24051179338837,                   659P   2347
4.54406827944708,5.415089411451,6.24588192264404,                    659P   2348
4.65806288511061,5.41879700165079,6.17045136069825,                  659P   2349
4.7437809310909,5.41880983468091,6.05669872556882,                   659P   2350
4.75295044679742,5.41512068456372,6.23027357426046,                  659P   2351
4.53403828640902,5.70675348292152,6.23624110784378,                  659P   2352
4.64800318829747,5.71046247285422,6.16126036905687,                  659P   2353
4.73411505527163,5.71048916464783,6.04755665877545,                  659P   2354
4.743880136984,5.70681852778285,6.22308886044175,                    659P   2355
4.52704667499166,5.91132927519926,6.22947040117173,                  659P   2356
4.64098871733552,5.91503923078982,6.15480297668792,                  659P   2357
4.7273718748331,5.91507548357141,6.04113544545451,                   659P   2358
4.73754962024943,5.91141761876664,6.21958818775386,                  659P   2359
4.52365103485891,6.01098354666504,6.22617023241192,                  659P   2360
4.63758147838106,6.0146939689279,6.1516549135242,                    659P   2361
4.72409564340236,6.01473484222918,6.03800543154724,                  659P   2362
4.73447322598033,6.01108314975425,0.04652678258764,                  659P   2363
0.95347361998424,0.5655872997489,0.6009330834716;                    659P   2364
508,4,0,305,84,0,0,0,305,148,0,0,0,305,16,0,0,0,305,13,1,0;          661P   2365
510,659,1,1,661;                                                     663P   2366
128,1,1,1,1,0,0,1,0,0,0.,0.,10.612035789333,10.612035789333,0.,      665P   2367
0.,0.85051811265438,0.85051811265438,1.,1.,1.,1.,                    665P   2368
6.22031734593184,4.561913954737,6.00000000000016,                    665P   2369
6.22031734593184,-6.050121834596,6.00000000000016,                   665P   2370
6.25000000000016,4.561913954737,5.1499999999998,                     665P   2371
6.25000000000016,-6.050121834596,5.1499999999998,0.,                 665P   2372
10.612035789333,0.,0.85051811265438;                                 665P   2373
508,4,0,305,82,0,0,0,305,31,1,0,0,305,148,1,0,0,305,83,0,0;          667P   2374
510,665,1,1,667;                                                     669P   2375
128,1,1,1,1,0,0,1,0,0,0.,0.,0.3,0.3,0.,0.,0.85,0.85,1.,1.,1.,1.,     671P   2376
-6.25,1.2,6.,-5.95,1.2,6.,-6.25,1.2,5.15,-5.95,1.2,5.15,0.,0.3,      671P   2377
0.,0.85;                                                             671P   2378
508,4,0,305,140,1,0,0,305,70,1,0,0,305,149,1,0,0,305,89,0,0;         673P   2379
510,671,1,1,673;                                                     675P   2380
128,1,1,1,1,0,0,1,0,0,0.,0.,2.4,2.4,0.,0.,0.85,0.85,1.,1.,1.,1.,     677P   2381
-5.95,-1.2,5.15,-5.95,1.2,5.15,-5.95,-1.2,6.,-5.95,1.2,6.,0.,        677P   2382
2.4,0.,0.85;                                                         677P   2383
508,4,0,305,69,1,0,0,305,150,1,0,0,305,91,0,0,0,305,149,0,0;         679P   2384
510,677,1,1,679;                                                     681P   2385
128,1,1,1,1,0,0,1,0,0,0.,0.,0.85,0.85,0.,0.,0.3,0.3,1.,1.,1.,1.,     683P   2386
-6.25,-1.2,6.,-6.25,-1.2,5.15,-5.95,-1.2,6.,-5.95,-1.2,5.15,0.,      683P   2387
0.85,0.,0.3;                                                         683P   2388
508,4,0,305,52,0,0,0,305,93,1,0,0,305,150,0,0,0,305,67,0,0;          685P   2389
510,683,1,1,685;                                                     687P   2390
514,62,309,0,315,0,321,1,327,1,333,0,339,1,345,0,351,1,357,1,        689P   2391
363,1,371,1,377,1,389,0,395,0,403,0,409,1,417,0,423,0,429,0,435,     689P   2392
1,441,1,447,1,453,1,459,1,465,1,471,1,477,1,483,1,489,1,495,1,       689P   2393
501,1,507,1,513,1,519,1,525,1,531,1,537,1,543,1,549,1,555,1,561,     689P   2394
1,567,0,573,0,579,0,585,1,591,0,597,1,603,1,609,1,615,1,621,1,       689P   2395
627,1,633,0,639,0,645,0,651,1,657,0,663,1,669,1,675,0,681,0,687,     689P   2396
0;                                                                   689P   2397
186,689,1,0;                                                         691P   2398
S      1G      3D    692P   2398                                        T      1
